"54M1_lib74093_3847_2","54T1_lib74095_3786_1","54T2_lib74096_3847_2","54T3_lib74097_3782_2","54T4_lib74098_3847_2","54T5_lib74099_3832_2","54T6_lib74100_3782_2"
"1_8404902",1.2109375,0,0.503787878787879,0,0.124183006535948,0,0
"1_10523728",1.38392857142857,0.544513457556936,0.431818181818182,0.678008821676119,0.209558823529412,0.112852664576802,0.368563685636856
"1_16361989",0,0,0,1.29951690821256,0,0.297520661157025,0
"1_16894380",0,0.260912698412698,0,0.318249038745933,0.0728900255754476,0,0
"1_16894381",0,0.253006253006253,0.108927108927109,0.299888517279822,0.0713391739674593,0,0
"1_16910013",0,0,0,0,0,NA,0.323809523809524
"1_17185415",0.96875,0.245564892623716,0.0895622895622896,0.33416149068323,0.221975582685905,0.126262626262626,0.148148148148148
"1_20441896",2.52717391304348,0.119274376417234,0.806060606060606,0,0.248366013071895,0.167832167832168,0.184281842818428
"1_22174358",0,0,0.0296345811051693,0,0.347455044193843,0.251748251748252,0.0312213039485767
"1_85965738",2.64204545454545,0,0,0,0.29156010230179,0.284584980237154,0.314814814814815
"1_87101904",1.9375,1.39153439153439,1.47777777777778,1.39233954451346,2.23529411764706,1.63636363636364,1.38518518518519
"1_89599115",0,0.084335417668751,0,0.0453319851702056,0.0661764705882353,0.0289621882542236,0
"1_100336336",3.33333333333333,1.37322472848789,1.67660606060606,1.08032128514056,2.04224598930481,2.05714285714286,1.56998556998557
"1_143767878",4.84375,0.642246642246642,0.914600550964187,0.399800099950025,0.829131652661064,0.464876033057851,0.929012345679012
"1_145017822",0,0.119274376417234,0.107027724049001,0.111482720178372,0.418552036199095,0.170454545454545,0.0975056689342404
"1_145079233",0.880681818181818,0,0.20959595959596,0.779710144927536,0,0.284090909090909,0
"1_145079256",0.691964285714286,0,0.386946386946387,0.97463768115942,0,0.363636363636364,0
"1_145295521",0,0,NA,0.229326513213981,0,0.136363636363636,0.754385964912281
"1_151538784",0.691964285714286,0.160561660561661,0,0.0999628390932739,0.0817790530846485,0.304439746300211,0
"1_152327961",0,0,0.00968047165004731,0.00697415156464702,0.00371722968566584,0,0.00679456434852118
"1_158300527",1.46042713567839,1.57108721624851,1.7819440697779,1.06765289554393,1.8498985801217,1.79220779220779,1.77578176979375
"1_161293492",0.807291666666667,0,0.78640059127864,0,0.111764705882353,0.272727272727273,0.0878552971576227
"1_184763922",1.18140243902439,1.30967942732649,0.952617079889807,0.547165013984236,0.739231125521075,0.91866028708134,1.05649717514124
"1_197141253",0.365566037735849,0.372732426303855,0.086673183447377,0,0,0,0
"1_201190739",0,0,0.037666383460776,0,0.481985294117647,0.859504132231405,0.0733549083063646
"1_204951322",0,0.726017943409248,1.40184453227931,1.0829307568438,1.11764705882353,1.05571847507331,1.29861111111111
"1_224600911",0,0.18975468975469,0,0,0,0.0409090909090909,0.239099859353024
"1_234582418",2.21428571428571,0,0.403030303030303,0,0,0,0
"1_237060265",1.76136363636364,2.08730158730159,1.91685144124169,1.27588932806324,1.71638655462185,2.1038961038961,1.98007662835249
"1_237679231",0,0.618459729570841,0,0.354413702239789,0,0,0
"1_237753941",1.48325358851675,1.63833483078766,2.08158508158508,1.26653424556757,1.90947158524427,2.02424242424242,1.81494661921708
"1_238048292",0,0.87375415282392,1.15151515151515,0.556935817805383,1.25735294117647,0.684989429175476,1.29684908789386
"1_247264285",1.53769841269841,1.5825293080195,1.93157380254154,1.05661655153732,2.0436974789916,1.90627928772259,1.87958401751505
"2_5833525",1.57094594594595,0,0,0.0743218134522482,0.071301247771836,0,0
"2_11720858",0,0.130642105950748,0.657894736842105,0.445930880713489,0.95935369856097,0.871496924128503,0.709876543209876
"2_23980108",2.07589285714286,0.488400488400488,0.134680134680135,0,0.0619195046439628,0.0598086124401914,0.0816993464052288
"2_25470331",0.645833333333333,1.03359173126615,1.01010101010101,0.614844093104963,1.32094943240454,1.02272727272727,1.27777777777778
"2_30986195",0,0,0.71301247771836,0,0,0,0
"2_48602571",0,0.202634245187437,0.244379276637341,0.0658761528326746,0.0452488687782805,0,0
"2_54128635",0.717592592592593,0.84989376327959,1.03305785123967,0.87933561309233,1.02504368083867,1.06837606837607,1.11655773420479
"2_74458333",0,0,0,0,0,0,0.290215588723051
"2_74690029",1.26016260162602,0.999113689469019,1.02564102564103,0.520252694165738,1.06169296987088,1.18492618492618,1.03648424543947
"2_89428571",0,0.389863547758285,0,0,0,0,0
"2_99185276",1.2109375,0,0.073909830007391,0,0.0887902330743618,0.0582750582750583,0.222222222222222
"2_113954973",0,0,0,0,0.860832137733142,1.25391849529781,0.113378684807256
"2_125622668",0,0.288600288600289,0.606060606060606,0,0.156862745098039,0,0.490196078431373
"2_128874107",0,0.793650793650794,0,0.161030595813205,0.168067226890756,0.0811688311688312,0.0793650793650794
"2_138417479",0,0,0,0,0,0,0.268817204301075
"2_145255397",0.807291666666667,0.105820105820106,0,0.341005967604433,0,0,0.198412698412698
"2_170094628",0.11671686746988,0.269034167339252,0,0,0,0,0
"2_179986691",0,0.311235605353252,0,0,0,0,0
"2_186761534",2.52717391304348,0.167084377610693,0.144300144300144,0,0,0,0.308641975308642
"2_232665706",0,0,0,0,0.147058823529412,0.315656565656566,0
"3_9426266",0.355504587155963,1.03896103896104,0.939393939393939,0.736139866574649,1.17647058823529,0.961538461538462,1.04166666666667
"3_30880456",0.785472972972973,1.05820105820106,0.95856524427953,0.702678963548529,1.05476673427992,0.922266139657444,1.11111111111111
"3_38519712",0,0.293944738389183,0,0,0,0,0
"3_44283626",0.945121951219512,0.671550671550671,0.938967136150235,0.557413600891862,1.0246679316888,0.811688311688312,0.997150997150997
"3_97851850",1,0.817700817700818,1.04554315080631,0.584581658750457,0.955436720142603,0.789141414141414,1.02249488752556
"3_111289499",0.824468085106383,0.931216931216931,0.680272108843537,0.536768652710682,1.32094943240454,1.3986013986014,1.02657004830918
"3_111866109",0,1.13378684807256,1.28402670775552,0.644122383252818,0.974789915966387,1.32575757575758,0.925925925925926
"3_118905736",0,0,0,0,0.564705882352941,0.835561497326203,0
"3_125824518",1.14644970414201,0.884353741496599,0.977060322854715,0.607760635811127,0.952843947496354,1.04895104895105,0.970548862115127
"3_142141594",0.284926470588235,0.724032302979671,1.33333333333333,0.685111989459816,0.830449826989619,0.72192513368984,1.12683438155136
"3_145820681",0.334051724137931,0,0.104493207941484,0,0.156862745098039,0,0
"3_185823771",0,0.0835421888053467,0,0,0.332480818414322,0,0.0224014336917563
"3_185985706",0.569852941176471,0.0858000858000858,0.128949065119278,0.402576489533011,0.180995475113122,0.0614250614250614,0
"3_186420028",4.15178571428571,0.793650793650794,1.06951871657754,0.579710144927536,0.495356037151703,0.619834710743802,0.810185185185185
"3_193366743",0,0,0.717703349282297,0.603864734299517,0.855614973262032,1.13636363636364,0.478927203065134
"3_196795254",0.668103448275862,0,0.227272727272727,0.131752305665349,0.156862745098039,0.366568914956012,0.0534188034188034
"3_197362292",0.807291666666667,0,0.116550116550117,0,0.243407707910751,0.119617224880383,0.0730994152046784
"4_1230460",0,0.198412698412698,0.159489633173844,0.120772946859903,0.294117647058824,0.53030303030303,0.462962962962963
"4_28825102",0.569852941176471,1.14285714285714,0.606060606060606,0.630119722747322,1.13851992409867,0.432900432900433,1.1437908496732
"4_31018405",1.81640625,0.373482726423903,0,0.181159420289855,0.0672268907563025,0.181818181818182,0.0771604938271605
"4_74354375",0.998711340206185,0.741729713692331,0.924499229583975,0.527009222661397,0.812324929971989,0.796626054358013,0.8994708994709
"4_82031491",0.867537313432836,0.582010582010582,0.797448165869218,0.864480040681414,1.12676056338028,1.16550116550117,0.631313131313131
"4_100445818",0,0,0,0,0,0,0.396825396825397
"4_101425840",3.6328125,0,0,0.181159420289855,0,0,0
"4_109790022",1.25,0.0933706816059757,0.0488758553274682,0,0.0301659125188537,0,0.0854700854700855
"4_151770174",0,0,0.0473484848484848,0.072463768115942,0,0.12453300124533,0
"4_174253276",1.09154929577465,0.846560846560847,0.865800865800866,0.454674623472577,0.863737900223381,0.903925619834711,0.830469644902635
"4_185940273",1.52960526315789,1.01010101010101,1.05132962275819,0.241545893719807,1.12676056338028,0.981404958677686,0.727513227513228
"4_190904494",1.8452380952381,0.317460317460317,0.131752305665349,0.107353730542136,0.134453781512605,0.103305785123967,0.277777777777778
"5_843745",2.52717391304348,0,0.118538324420677,0.102593440122044,0.0670588235294118,0.125874125874126,0.160756501182033
"5_914835",1.9375,1.04365079365079,0.762489762489763,0.48731884057971,0.882352941176471,0.947368421052632,0.171717171717172
"5_5955299",0,0,0.366391184573003,0.16243961352657,0.319327731092437,0,0
"5_35759770",0,0.152199074074074,0.422933034044145,0.178559575174245,0.711925866236906,0.0394304490690033,0.0217113665389527
"5_45904151",4.84375,0.556613756613757,0.537373737373737,0.730978260869565,0.447058823529412,0.436363636363636,0
"5_55209628",1.81640625,2.78306878306878,2.07272727272727,1.94927536231884,2.20193151887621,1.79073756432247,2.03418803418803
"5_73069855",0,1.63070436507937,1.69272727272727,1.19955406911929,1.85481852315394,1.87779433681073,2.19354838709677
"5_75008447",0.276785714285714,0.564135564135564,0.734806629834254,0.44210369042283,1.08861726508785,0.970401691331924,0.952380952380952
"5_141022314",2.421875,1.8975468975469,2.17636363636364,1.21829710144928,2.15546218487395,2.03636363636364,1.88888888888889
"5_158140119",0.267241379310345,1.18185112705661,0.856178363950385,0.68488053270662,0.932281205164993,0.972467532467532,0.913308913308913
"5_166802403",0.109463276836158,0.451308451308451,0,0.0233446151175909,0,0,0
"5_167545120",0,0.982259570494865,0,0,0,0,0
"5_177679618",0,0,0,0,0.0472245236122618,0,0.328502415458937
"5_180581845",0.96875,0.759018759018759,1.0423197492163,0.43317230273752,1.13064295485636,1.03030303030303,0.62962962962963
"6_31324176",4.15178571428571,0,0.378787878787879,0.222965440356745,0,0,0
"6_32726670",0.13741134751773,0.0122100122100122,0.0208986415882968,0.0201288244766506,0.0247678018575851,0.0487012987012987,0.0194250194250194
"6_32726684",0,0.0125478386347952,0,0.0191957001631635,0.0243828101188662,0.0483558994197292,0.0190258751902588
"6_32726692",0,0.0119345984007638,0,0.0195848021934978,0.0245098039215686,0.0490516677567037,0.0195618153364632
"6_32726703",0.124198717948718,0.0121632305540352,0,0.0561009817671809,0.0735294117647059,0.0811688311688312,0.0591016548463357
"6_37664646",0,0.366300366300366,0,0,0,0,0
"6_43970503",0,0.0835421888053467,0.193423597678917,0.107353730542136,0.071301247771836,0,0
"6_46111373",0,0,0.0191791331031837,0,0,0,0.256410256410256
"6_46665626",0.60546875,0.453514739229025,0,0.0935016362786349,0,0.0668449197860963,0
"6_47779250",0,0.102406554019457,0.162337662337662,0,0.0480192076830732,0,0.246913580246914
"6_53784296",0,0,0,0,0.297840655249442,0.369978858350951,0
"6_73713615",1.4114238410596,1.06934001670844,0.820358278921815,0.52524073533703,0.960668290985033,1.15039281705948,0.995504174694926
"6_90490116",1.09669811320755,0.444444444444444,0.960827790096083,0.5175983436853,1.03967168262654,0.85995085995086,1.49911816578483
"6_111318487",2.07589285714286,0.0835421888053467,0,0,0,0,0
"6_116966802",1.67025862068966,1.2531328320802,1.17171717171717,0.543478260869565,1.01748807631161,0.935828877005348,0.845410628019324
"6_121451181",0,0.732600732600733,0,0,0,0,0
"6_133070956",1.28595132743363,0.932318404437364,0.935441370223979,0.567441147151292,0.931701539676273,0.970762905436272,1.078132927448
"6_135517022",1.01007109004739,0.90702947845805,0.851892418157478,0.576675013278701,1.04146576663452,1.01136363636364,0.950950950950951
"6_135784313",0,0.0566893424036281,0.0513610683102209,0.131752305665349,0.0871459694989107,0.0974025974025974,0.070323488045007
"6_152419944",0,0,0.164435048155978,0,0,0.0236742424242424,0
"6_157099981",1.453125,0.129575639779721,0,0,0.25668449197861,0.0554323725055432,0
"6_160198617",0,1.15440115440115,0.662878787878788,0.527009222661397,0.92436974789916,1.03305785123967,0.777777777777778
"6_163836344",0,0.412286126571841,0,0.0452898550724638,0,0.0405844155844156,0
"6_167738836",1.9375,1.00250626566416,1.21212121212121,0.790513833992095,1.44796380090498,1.33689839572193,0.87719298245614
"7_30114368",0,0,0,0.531620553359684,0,0,0
"7_34097651",0.503246753246753,1.05305305305305,1.11313131313131,0.444138690148597,0.930012881064835,0.972972972972973,0.710671067106711
"7_34118779",0.768849206349206,1.36424940346509,0.93006993006993,0.922557805066932,1.08928038220364,0.924358084663428,1.0687134502924
"7_36007749",0.807291666666667,0.379509379509379,0,0,0,0,0
"7_36660502",0.569852941176471,0,0,0.149944258639911,0.189789123196448,0,0
"7_44687504",0.645833333333333,0.776670358065707,1.0273321449792,0.445548654244306,1.29545454545455,1.59830866807611,1.34920634920635
"7_62723589",0.328389830508475,1.07185757185757,0.778050778050778,0.639386189258312,0.699523052464229,0.560398505603985,0.774928774928775
"7_103777309",0.77191235059761,0.872445157838416,0.827413204896648,0.428076157999432,0.868532955350815,0.912676056338028,1.04587642535137
"7_133976714",0,0,0,0,0,0,0.377777777777778
"7_138957240",0,0.188045188045188,0.0707070707070707,0.103961352657005,0.101604278074866,0.0629370629370629,0.0325670498084291
"8_7332361",0,0,0.757575757575758,0.289855072463768,0.392156862745098,0.103305785123967,0.154320987654321
"8_15519817",0.679824561403509,0.823045267489712,1.11989459815547,0.571822932071379,0.958605664488017,0.993377483443709,1.03785103785104
"8_24771893",0,0,0,0,0.596760443307758,0.665188470066519,0.0603864734299517
"8_25149562",1.76136363636364,1.34310134310134,0.841750841750842,0.966183574879227,1.01604278074866,0.899621212121212,1.30385487528345
"8_32406398",0,0,0.281888653981677,0,0,0,0
"8_38090388",0,0.0690131124913734,0.26123301985371,0.0905797101449275,0,0,0.109649122807018
"8_60806352",0.484375,0.0881834215167548,1.01010101010101,0.483091787439614,1.09803921568627,1.06060606060606,0.675675675675676
"8_61748781",0.339912280701754,0.095047999239616,0.0977517106549365,0.322061191626409,0,0,0.303454715219421
"8_72212061",1.09154929577465,0.655076845553036,0.967117988394584,0.579710144927536,1.0126582278481,1.2396694214876,0.797872340425532
"8_99205845",0,0.560224089635854,1.12233445566779,0.927536231884058,0.8,1.10722610722611,0.892857142857143
"8_101721429",0,0.0391926317852244,0,0.149925037481259,0.0309597523219814,0.0568181818181818,0.0319284802043423
"8_121018958",0.842391304347826,1.36054421768707,1.33897110641297,0.41407867494824,1.09803921568627,1.27840909090909,1.05555555555556
"8_145998513",0.9375,1.13068058273538,0.958956655159187,0.327255726975222,0.92531394580304,0.831485587583148,0.833333333333333
"9_12288158",0.496794871794872,0.0512032770097286,0.0618429189857761,0.170502983802217,0.0547195622435021,0,0.236406619385343
"9_35957670",1.07638888888889,1.07118512026487,1.32639526578921,0.841097308488613,1.21419996570057,1.07808857808858,1.21447028423773
"9_66455746",1.07638888888889,0,0.313479623824451,0.111482720178372,0,0,0
"9_68409580",0,0.0835421888053467,0,0,0.180995475113122,0,0
"9_68409597",0,0.0705467372134039,0,0,0.160427807486631,0,0
"9_68415409",0.807291666666667,0.235155790711346,0,0,0,0.284090909090909,0.336700336700337
"9_109694519",0.523648648648649,0,0,0.222965440356745,0,0,0.115740740740741
"9_117127011",4.47115384615385,0,0,0,0,0,0
"9_131772121",0,0,0.179425837320574,0.0432619511139952,0.0104575163398693,0.0156739811912226,0.394144144144144
"9_135862222",0.775,1.08225108225108,1.05708245243129,0.557413600891862,1.37624861265261,1.13636363636364,1.15740740740741
"9_137998505",0,0,0,0,0.588235294117647,0.71301247771836,0
"10_3215035",1.38392857142857,0.917001338688086,1.38654841093865,0.697426796805679,1.18939883645766,0.750582750582751,0.938271604938272
"10_5682790",0,0,0,0.0204145239208353,0,0,0.218803418803419
"10_32762788",3.41911764705882,0,0,0,0,0,0
"10_42681309",0.334051724137931,0,0,0.0499618611746758,0.0233265720081136,0.0223285486443381,0.169312169312169
"10_50819258",0,0,0,0.0150678628939499,0.0632954936360509,0.194805194805195,0.0174291938997821
"10_75397593",0.842391304347826,0.913333333333333,1.24437927663734,0.771286231884058,1.11418685121107,1.05138339920949,1.21340388007055
"10_89720804",1.4622641509434,1.08730158730159,1.07218249914879,0.563632246376812,1.05747126436782,1.02639296187683,0.902155887230514
"10_105882457",1.8452380952381,1.3047619047619,1.30519480519481,0.660365469439193,1.35294117647059,1.03409090909091,1.11934156378601
"10_121541048",2.421875,0.167277167277167,0.126893939393939,0.167519181585678,0.0845588235294118,0.24901185770751,0.10062893081761
"10_135311152",NA,NA,NA,NA,NA,NA,NA
"11_308599",0.440340909090909,0.151171579743008,0.229568411386593,0.144927536231884,0.0887902330743618,0.0420875420875421,0.0603864734299517
"11_2431995",0.538194444444444,0.109469074986316,0.0819000819000819,0,0.164158686730506,0,0
"11_5114006",0.785472972972973,0.900260601753139,1.11989459815547,0.436767917411157,0.968858131487889,1.15236875800256,0.968992248062016
"11_18261433",1.0985824742268,0.839002267573696,1.04545454545455,0.770891150169596,1.07118333714809,0.970643939393939,0.940337224383917
"11_35456216",0,0,0.0550964187327824,0,0.368744512730465,0.802139037433155,0.0220458553791887
"11_47380276",2.03947368421053,0.119047619047619,0.0644745325596389,0.123342584027135,0.0341005967604433,0.0582750582750583,0.0566893424036281
"11_55783199",0,0.0240500240500241,0.0236742424242424,0,0.375679683638161,0.649350649350649,0.136165577342048
"11_55890000",0.894230769230769,0.876900876900877,0.816677412422093,0.621956228363551,1.0242214532872,1.00241963359834,1.06516290726817
"11_57144428",0.922619047619048,0.664451827242525,0.699300699300699,0.72463768115942,0.930232558139535,0.631313131313131,0.862068965517241
"11_65734130",0,0.732600732600733,0,0,0,0,0
"11_68157445",1.19230769230769,0.98077171247903,0.95068330362448,0.886615515771526,0.966386554621849,0.95959595959596,0.858585858585859
"11_68772768",3.32142857142857,0.759144237405107,1.24777183600713,0.790513833992095,0.94876660341556,1.05519480519481,0.985663082437276
"11_77933142",0.269097222222222,1.01456390116184,1.14011401140114,0.442151805453206,0.941176470588235,0.902406417112299,1.03359173126615
"11_85606584",2.15277777777778,0.560224089635854,0.649350649350649,0.882167611846251,1.17647058823529,1.16883116883117,1.07323232323232
"11_93494833",0,0.0858000858000858,0.294612794612795,0.326597264747908,0.212695247590562,0.199156513589503,0.0263296471827278
"11_94782524",1.29166666666667,0.0992063492063492,0.193423597678917,0.36231884057971,0.0603318250377074,0.108225108225108,0.231481481481481
"11_118875472",0,0.167084377610693,0.121212121212121,0.790513833992095,0.20460358056266,0.119617224880383,0.416666666666667
"11_123810721",0.696942446043165,1.01410934744268,0.879161990273101,0.535866520521252,0.989304812834225,1.10909090909091,1.29751461988304
"11_124311024",0,0.0387146728610143,0.0360750360750361,0.0467508181393174,0.0326797385620915,0.0797448165869218,0.163398692810458
"12_4409270",0,0.705467372134039,0,0,0.0840336134453781,0,0
"12_7477229",0,0.396825396825397,0,0,0,0,0.0239463601532567
"12_8492964",0,0.107613666935701,0.168350168350168,0,0,0.324675324675325,0.0771604938271605
"12_9710038",0,0,0.202020202020202,0,0.0500625782227785,0.206611570247934,0.0645994832041344
"12_13724941",0.339912280701754,0.0529100529100529,0.0383582662063675,0.0743218134522482,0.0331400165700083,0.137741046831956,0.0334672021419009
"12_15702202",1.15671641791045,0.107613666935701,0.193423597678917,0.0508517670989067,0.144796380090498,0.102145045965271,0.0603864734299517
"12_18891757",1.23361423220974,0.902682691820072,1.04786179552535,0.449071239028373,0.94709581945986,1.05519480519481,0.935278713056491
"12_21471913",0.60546875,0.380952380952381,0,0,0,0,0
"12_31250985",1.07638888888889,0.0814000814000814,0.189393939393939,0.36231884057971,0.180995475113122,0.0988142292490119,0.0896057347670251
"12_32140361",3.45982142857143,0.102406554019457,0.461133069828722,0,0.192076830732293,0.151515151515152,0.409836065573771
"12_49578766",0,0.778676250374364,0.909090909090909,0.549725137431284,0.882352941176471,0.841750841750842,0.837742504409171
"12_50395166",1.61458333333333,0,0.0704721634954193,0,0,0,0.225225225225225
"12_52699033",0.790816326530612,0.10653030787259,0.0312402374258044,0,0.0658165364047717,0.0227272727272727,0.167336010709505
"12_52699044",0.358796296296296,0.10307153164296,0.0280583613916947,0,0.0754147812971342,0.023191094619666,0.122100122100122
"12_57864690",NA,NA,NA,NA,NA,NA,NA
"12_64217521",1.32102272727273,0,0.0777000777000777,0,0.0443951165371809,0.0783699059561128,0.198412698412698
"12_89896276",0.717592592592593,0.976800976800977,0.813008130081301,0.695652173913043,0.941176470588235,1.13636363636364,1.14942528735632
"12_100594587",0.447115384615385,1.02839257768835,1.17171717171717,0.619537559464543,1.09038737446198,0.981033355134075,0.887978142076503
"12_114386940",0.691964285714286,1.65079365079365,0.589225589225589,0.36231884057971,1.3840830449827,0.925925925925926,1.00308641975309
"12_116457293",0.668103448275862,1.0966810966811,0.940438871473354,0.685111989459816,1.04977375565611,0.837320574162679,0.944444444444445
"12_117962829",0.569852941176471,0.964015623701488,1.05401844532279,0.499750124937531,0.94658553076403,0.918121613485852,0.892857142857143
"12_119583156",1.61458333333333,0.82972582972583,1.07655502392344,0.702678963548529,0.941176470588235,1.11408199643494,0.982905982905983
"12_123099427",3.69047619047619,0.317460317460317,0.159489633173844,0.341005967604433,0.294117647058824,0.589225589225589,0.258397932816538
"12_133182783",0.645833333333333,0,0.318979266347687,0,0.0588235294117647,0.213068181818182,0.0925925925925926
"13_24466302",1.09669811320755,0.453514739229025,0.193423597678917,0,0.149393090569561,0.0516528925619835,0.158730158730159
"13_25016231",2.421875,0.226757369614512,0,0,0.24132730015083,0.126262626262626,0.198412698412698
"13_48575463",0.668103448275862,1.26984126984127,1.38888888888889,0,1.17647058823529,1.06060606060606,1.52777777777778
"13_49741485",3.29787234042553,0.090702947845805,0.121212121212121,0.289855072463768,0.112044817927171,0.0405844155844156,0.163398692810458
"13_56574478",1.0472972972973,0.151171579743008,0.378787878787879,0.263504611330698,0.635930047694754,1.34680134680135,0.51440329218107
"13_64320999",0.96875,0,0.159489633173844,0.138026224982747,0.282352941176471,0,0
"13_77529749",0.317622950819672,1.30043985465672,1.25391849529781,0.546896363139185,1.34453781512605,0.822050290135397,0.774134790528233
"13_111919179",1.30252100840336,0.513259195893926,1.25219133483596,0.541487498009237,1.0126582278481,1.01010101010101,1.23737373737374
"14_24607471",0.630813953488372,0.136054421768707,0.14367816091954,0.293305728088337,0.00773993808049536,0.0225022502250225,0.283171521035599
"14_58599674",0,0,0.0841750841750842,0.131752305665349,0.213903743315508,0.239234449760766,0.0868055555555556
"14_77336272",0,0.280112044817927,0,0,0,0,0
"14_77910605",0,0.11050833835644,0.413895048041389,0.181917409496089,0.0102748522989982,0.0105708245243129,0
"14_100405767",0,0,0.699300699300699,0.161030595813205,0.134453781512605,0.189393939393939,0
"14_103987482",0,0,0.413223140495868,0.181159420289855,0.0904977375565611,0.0909090909090909,0
"14_106518252",0.922619047619048,0,0.0721500721500721,0,0.0855614973262032,0,0.208333333333333
"14_106815706",0.922619047619048,0,0.280583613916947,0.170502983802217,0.0797607178464606,0.184275184275184,0
"15_23102180",0,0.280112044817927,0,0,0,0,0
"15_33955849",0.509868421052632,0.865800865800866,0.886917960088692,0.36231884057971,0.572398190045249,0.973262032085562,1.23456790123457
"15_48757624",0,0.334168755221387,0.181818181818182,0.170502983802217,0,0,0
"15_67835921",0,0,0,0,0.386554621848739,0.979020979020979,0
"15_69314828",0,0.476190476190476,0,0,0,0,0
"15_78212470",0.922619047619048,0.317460317460317,0.242424242424242,0.322061191626409,0,0.509090909090909,0.115740740740741
"15_78212516",0.880681818181818,0.113378684807256,0,0.263504611330698,0,0.272727272727273,0.106837606837607
"15_79065557",0.645833333333333,0.0835421888053467,0.293255131964809,0,0.0356037151702786,0,0
"16_14958310",0,0,0.0618429189857761,0.111482720178372,0.0635930047694754,0.0568181818181818,0.295508274231679
"16_18809244",0,0,0.454545454545455,0,0,0,0
"16_20481129",0,0,0,0,0.484429065743945,0,0
"16_33412803",0.2325,0.18360765590317,0.191639717331417,0.146145414687614,0.385026737967914,0.35377358490566,0.166666666666667
"16_46395406",0.193198005698006,0.0492186538698167,0.0748222970445193,0.0199076286032808,0.168067226890756,0.101010101010101,0
"16_46395445",1.40450743494424,0.279085993371708,0.114351057747284,0.156584372879587,0,0.119617224880383,0.505050505050505
"16_55794479",1.29166666666667,0,0,0,0,0,0.555555555555556
"16_55798835",1.61458333333333,0,0.202020202020202,0,0.142602495543672,0.110864745011086,0.163398692810458
"16_72992431",0,0,0.0318979266347687,0.0318522057652492,NA,0.829238329238329,0.14367816091954
"17_4535198",2.59664948453608,2.41892894229343,1.97708795269771,1.32374757503138,2.09816410640689,1.92775974025974,1.98643410852713
"17_7577512",0,0.479839445356687,0,0,0,0,0
"17_7578211",1.97704081632653,2.52913914957711,2.17909431392577,1.20533792509686,1.97971602434077,2.002700270027,2.08871662360034
"17_12893518",2.25290697674419,1.61291486291486,2.38636363636364,1.48144927536232,2.20336134453782,1.8989898989899,1.80776014109347
"17_14095141",0,0,0,0.16243961352657,0.205282112845138,0.49802371541502,0.0462962962962963
"17_15935542",4.84375,1.97744360902256,2.41818181818182,1.29951690821256,2.33248081841432,2.21390374331551,1.90972222222222
"17_19282297",0,0.651356523696949,1.12848484848485,0.458653026427963,0.799247606019152,0.84965034965035,0.383141762452107
"17_33739091",2.61824324324324,2.56898656898657,2.41818181818182,1.75434782608696,1.82225063938619,2.09090909090909,3.46623093681917
"17_36634094",0,0.407278358497871,0,0,0.111764705882353,0.187012987012987,0.367521367521368
"17_36634096",0,0.397581254724112,0,0,0.0931372549019608,0.272727272727273,0.318518518518519
"17_36634107",0,0.618459729570841,0,0,0.108159392789374,0.187012987012987,0.341269841269841
"17_38512376",1.68478260869565,0.695767195767196,0.31002331002331,0.21658615136876,0.264705882352941,0.204545454545455,0
"17_39673194",0.43703007518797,0.440536013400335,1.09519104084321,0.513762498595663,0.987795948254821,1.06257378984652,0.543579507651364
"17_41108009",0.339912280701754,0.260912698412698,0.151136363636364,0.111387163561077,0.195316961736151,0.0311688311688312,0.199074074074074
"17_45679203",3.52272727272727,0.759018759018759,0.419823232323232,0,0.186274509803922,0.363636363636364,0.466124661246613
"17_50008680",2.421875,1.66984126984127,2.39299242424242,0.86634460547504,2.12352941176471,1.72727272727273,2.76608187134503
"17_62506023",1.43518518518519,0.417460317460317,0.146556473829201,0,0.352941176470588,0.166409861325116,0.176954732510288
"17_72349612",0,0.480264082033994,0,0,0,0,0
"17_77099443",0,0.403993855606759,0.122130394857668,0,0,0,0
"17_78919469",0.16281512605042,0.0399483557378294,0.0683102208525937,0.0537731134432784,0.0277102576567817,0,0.120956399437412
"17_80085279",2.64204545454545,0.321123321123321,0.134343434343434,0,0.0817790530846485,0.335664335664336,0.176954732510288
"17_80121126",0.412234042553191,0.131829573934837,0.0741773563859453,0.147115121684441,0.0406417112299465,0.0224159402241594,0.628654970760234
"18_907753",0,0.56980056980057,0.932400932400932,1.15942028985507,1.17647058823529,0.85995085995086,2.04678362573099
"18_7042148",0,0,0,0,0.649087221095335,0.783699059561129,0.055005500550055
"18_14848929",0.3875,0,0.0571755288736421,0.115942028985507,0,0.0463821892393321,0.33167495854063
"18_21166315",3.05921052631579,0,0,0,0,0,0
"18_67776619",1.8452380952381,0.846560846560847,0.649350649350649,0.527009222661397,1.32352941176471,1.19617224880383,1.11111111111111
"19_1051370",2.76785714285714,0.122782446311858,0.355614973262032,0.177206851119895,0.285356695869837,0.297520661157025,0.102102102102102
"19_6977443",0,0,0,0,0.511119081779053,0.667464114832536,0.0899470899470899
"19_7690832",0.372596153846154,0.0878863826232247,0.0811470408785845,0.248843663274746,0.0272596843615495,0.0409090909090909,0.481730052199851
"19_9067841",1.44281914893617,0.862906801454287,0.810325476992144,0.535678725522735,1.13432835820896,1.07386363636364,1.21428571428571
"19_9237066",0.985169491525424,0.939583050694162,0.973865044497015,0.604000816493162,0.923564635435012,0.923933209647495,0.881920247773906
"19_14507483",3.52272727272727,0,0.948306595365419,0.48731884057971,0.752701080432173,1.22727272727273,0.784067085953878
"19_20228509",0.433768656716418,0.518016452323022,0.93006993006993,0.822143350093661,0.997285067873303,0.789401553220649,0.905982905982906
"19_21366274",0,0,0.0474153297682709,0,0,0,0.223316912972085
"19_38033251",5.8125,2.71349206349206,3.02272727272727,1.1695652173913,2.75420168067227,2.6951871657754,2.26666666666667
"19_38987235",0,0,0,0,0.0399159663865546,0,0.343434343434343
"19_40405912",1.61458333333333,0.149092970521542,0.732782369146006,0.194927536231884,0.957983193277311,1.00699300699301,0.39766081871345
"19_43596013",3.22916666666667,0,0.413364413364413,0.185645272601794,0.251470588235294,0,0.111111111111111
"19_43780719",0.538194444444444,0.278306878306878,0.115151515151515,0.573316283034953,0,0,0
"19_44302434",3.22916666666667,0.544513457556936,0.95959595959596,0.820747520976354,0.496732026143791,0.654545454545455,0.674603174603175
"19_45573562",0,0,0.130009775171065,0.155942028985507,0.271860095389507,0.0861244019138756,0.0968660968660969
"19_46175976",0,0,0.201515151515152,0.299888517279822,0.134117647058824,0,0.185792349726776
"19_47863043",0,0,0,0,0,0,0.354166666666667
"19_47920487",0.450581395348837,0.979227905153831,1.07787174066244,0.708827404479578,1.01220865704772,0.981818181818182,1.07270233196159
"19_49604683",0.790816326530612,0.889371980676328,0.847279614325069,0.798128494807714,1.06348795024618,0.723776223776224,0.787037037037037
"19_49703490",0.981012658227848,1.10504201680672,1.08927108927109,0.573316283034953,0.89153349200952,0.976539589442815,1.10080941869021
"19_50563023",0,0.347883597883598,0.055976430976431,0,0,0.041958041958042,0.0424469413233458
"19_50902480",2.76785714285714,0.910822510822511,1.19077134986226,0.62879850397382,1.09483793517407,1.63636363636364,0.774928774928775
"19_51190682",1.38392857142857,0,0.106060606060606,0.149944258639911,0.201176470588235,0,0.0944444444444444
"19_53390405",0.60546875,0.112827112827113,0,0.531620553359684,0,0,0
"19_53391213",0.96875,0.260912698412698,0.223905723905724,0.299888517279822,0.1289592760181,0.223140495867769,0.0787037037037037
"19_54188204",0,0,0.128455873475794,0.0408225206768344,0.0244740231859167,0.013986013986014,0.449186991869919
"19_54627039",0,0.313095238095238,0.155011655011655,0,0.1099324975892,0.0564263322884012,0.111111111111111
"19_57648545",2.52717391304348,0.974074074074074,1.17960088691796,0.251519401589528,0.931372549019608,1.30909090909091,1.05426356589147
"19_58850096",0.935990338164251,0.739252645502646,0.621272008623787,0.682246376811594,0.900504201680672,0.839472794863129,0.798884906411788
"20_10287450",0.922619047619048,0.105820105820106,0.185528756957328,0.0999500249875063,0.121703853955375,0,0
"20_18297431",0,0.239592692422881,0.382775119617225,0.434782608695652,0.219901044529962,0.12396694214876,0.0448028673835125
"20_25258916",3.58796296296296,0.151171579743008,0.233100233100233,0.131752305665349,0.40920716112532,0.478468899521531,0.326797385620915
"20_31644490",0,0,0,0,0.147058823529412,0.179425837320574,0
"20_55177033",2.90625,1.20415982484948,1.21212121212121,0.45766590389016,0.522875816993464,0.691699604743083,0.584795321637427
"21_10998079",0.293560606060606,0.211640211640212,0.267379679144385,0.351339481774264,0.450563204005006,0.516528925619835,0.520833333333333
"21_11059845",2.34848484848485,0,0.26123301985371,0,0.0735294117647059,0.343053173241852,0.0854700854700855
"21_19687759",1.61458333333333,0.158730158730159,0.0977517106549365,0,0.0759013282732448,0.184275184275184,0
"21_30400154",1.41768292682927,0.453514739229025,0.181818181818182,0.248447204968944,0.162271805273834,0.162337662337662,0.0974658869395711
"21_30925769",0,0,0.089126559714795,0,0.117647058823529,0,0.650118203309693
"21_32114616",1.01973684210526,0.865800865800866,0.527009222661396,0.351339481774264,0.147058823529412,0.473484848484849,0
"21_33671190",0,0.366300366300366,0,0,0,0,0
"21_47337484",0.775,0.115440115440115,0,0.0546896363139185,0.103425985778927,0.0378787878787879,0.163398692810458
"21_47570240",0,0.423280423280423,0,0,0,0,0
"21_47613713",3.22916666666667,0,0.233100233100233,0.15255530129672,0,0,0
"22_16287905",NA,NA,NA,NA,NA,NA,NA
"22_24656068",1.2109375,0.18140589569161,0,0.386473429951691,0.320855614973262,0,0
"22_37407345",0.57549504950495,0.807739269277731,1.03473762010347,0.629142792944613,0.899653979238754,1.06951871657754,0.960539979231568
"22_46835068",1.86298076923077,1.17820324005891,1.11888111888112,0.0568343279340722,0.980392156862745,1.11408199643494,1.38888888888889
"X_2933025",NA,NA,NA,NA,NA,NA,NA
"X_16707832",NA,NA,NA,NA,NA,NA,NA
"X_27997170",NA,NA,NA,NA,NA,NA,NA
"X_45843157",NA,NA,NA,NA,NA,NA,NA
"X_70524889",NA,NA,NA,NA,NA,NA,NA
"X_83356922",NA,NA,NA,NA,NA,NA,NA
"X_138619409",NA,NA,NA,NA,NA,NA,NA
