"A34S1_lib74128_3782_6","A34S2_lib74129_3782_8","A34S3_lib74130_3782_8","A34T1_lib74122_3782_5","A34T2_lib74123_3782_5","A34T3_lib74124_3782_6","A34T4_lib74125_3847_4","A34T5_lib74126_3782_6","A34T6_lib74127_3782_6"
"1_1430731",0,2.34285714285714,0,0,0,0,0,0,0
"1_1572630",0,0,8.57142857142857,0,0,0,0.12004662004662,0.280193236714976,0.101214574898785
"1_12837619",0.0969529085872576,0.559090909090909,0,0.498815313630128,0.99047619047619,0.701754385964912,0.616028708133971,0.886111111111111,0.776531492666091
"1_16877409",0.654970760233918,1.921875,10.6382978723404,0.0962000962000962,3.74774774774775,0.930232558139535,0.477736549165121,0.550135501355014,0.0997229916897507
"1_19536728",1.33971291866029,2.12068965517241,0,0.612182430364249,0,1.26315789473684,1.31676136363636,1.07407407407407,0.657894736842105
"1_25697212",1.57894736842105,2.952,14.8148148148148,0.263504611330698,5.77777777777778,1.41176470588235,0.688502673796792,0.214814814814815,0.469924812030075
"1_35873750",0.763799743260591,0.718248175182482,0,0.710131619222528,1.75845410628019,0.615384615384615,0.715691951360741,0.993011879804333,1.05946684894053
"1_38049650",0,0.384375,0,0,0,0,0,0.751851851851852,0.0350877192982456
"1_41237061",1.12399643175736,1.75714285714286,0,0.542740841248304,1.50724637681159,1.48148148148148,0.908412483039349,0.704861111111111,0.863486842105263
"1_45821176",0.394736842105263,0.5765625,0,0.308972073677956,0,0,0.241330834114339,0.172619047619048,0
"1_46733350",0,0,0,0,0,0.96,0,0,0
"1_55620685",0.368421052631579,0.559090909090909,0,0.192400192400192,1.73333333333333,0,0,0.169590643274854,0.469924812030075
"1_71418747",0.777259604707973,1.65490909090909,1.41509433962264,0.54623488099883,2.06965174129353,1.0752688172043,0.898741883116883,0.979059829059829,0.926135080189745
"1_71419255",0,0,12.5,0,0,0,0,0,0
"1_78104938",0.38781163434903,0,4.16666666666667,0,0,1.71428571428571,0,0.169590643274854,0
"1_109589934",0,1.476,0,0,0,0,0,0,0
"1_111059858",0.0225333977144697,0.277443609022556,0.668896321070234,0,0,0,0.231609380019274,0.843023255813954,0
"1_143403387",1.1336032388664,2.13913043478261,23.0769230769231,0.793650793650794,7.29824561403509,NA,NA,0.805555555555556,0.845864661654135
"1_149648427",1.92219679633867,3.28,41.6666666666667,0.716845878136201,7.22222222222222,2.28571428571429,0.638429752066116,0.537037037037037,0.764006791171477
"1_161208254",0.624442462087422,0.424137931034483,3.63636363636364,0.0721500721500721,0.679738562091503,0.869565217391304,0.286641929499072,0.193333333333333,0.161117078410311
"1_162773396",0.409356725146199,0.831081081081081,7.35294117647059,0.117113160591421,3.25,0.262295081967213,0.126535626535627,0.0407876230661041,0.0928792569659443
"1_167381330",0.298719772403983,0.637051792828685,0.309597523219814,0.484848484848485,2,0.586666666666667,1.1517571884984,0.959470636889992,1.10203306099183
"1_184688237",0.25854108956602,0.227777777777778,6.15384615384615,0.114351057747284,1.01960784313725,0.421052631578947,0.0918003565062389,0,0.138504155124654
"1_185972969",1.06606942889138,1.1920704845815,1.05820105820106,0.494304749623899,2.6962962962963,0.595744680851064,0.856939935064935,1.06561679790026,1.07655502392344
"1_215901537",0.757894736842105,0.929651162790698,0.680272108843537,0.685425685425685,1.82456140350877,0.900662251655629,0.871035940803383,1.24208566108007,1.2340172465061
"1_226075115",0.558983666061706,1.12844036697248,1.01010101010101,0.72007200720072,2.39080459770115,0.867469879518072,1.39971883786317,1.03856749311295,1.08187134502924
"1_237732388",0.614035087719298,1.44705882352941,0,0.336700336700337,4.33333333333333,0.666666666666667,1.04040404040404,0.805555555555556,1.07212475633528
"1_243138492",1.33971291866029,0.534782608695652,0,0.106326422115896,0,0.4,0,0,0.109649122807018
"1_243138540",0.995732574679943,0.315384615384615,0,0.0577200577200577,0,0.347826086956522,0,0,0.0692520775623269
"1_248166287",0.921052631578947,1.95681818181818,0,0.404040404040404,0,1.04347826086957,1.1483704974271,1.46464646464646,0.97254004576659
"2_44394002",0.421052631578947,0,0,0.0320666987333654,0,0,0.51307596513076,0.0473856209150327,0
"2_47300924",1.03295622233153,1.87173913043478,0,0.565656565656566,3.89115646258503,1.09090909090909,0.736952861952862,0.961013645224171,1.14709851551957
"2_55813743",0.491228070175439,1.23,0,0.682146136691591,2.53658536585366,0.436363636363636,1.4674355495251,0.911949685534591,1.19617224880383
"2_65893962",0.842105263157895,0,5.88235294117647,0.144300144300144,0,0,0,0,0
"2_69732571",0.539152759948652,0.225688073394495,4.59770114942529,0.0985464400098546,1.6,0.181818181818182,0.159607438016529,0,0.0317057704502219
"2_74534771",0,0,0,0.0329097425871619,0,0,0,0.266666666666667,0
"2_87404271",0,0.279545454545455,2.27272727272727,0,1.82456140350877,0.774193548387097,0,0,0
"2_97312000",0.719903206291591,1.39107142857143,0,0.540436209226018,2.21705426356589,0.670967741935484,1.42835130970724,1.31047315257842,1.18786549707602
"2_98373778",0.727745289148798,0.946153846153846,0,0.441919191919192,2.77333333333333,0.380952380952381,0.851239669421488,1.11111111111111,0.692520775623269
"2_106710668",0.1417004048583,0.175714285714286,3.75,0.0538720538720539,1.18181818181818,0.32,0.151026392961877,0.0996563573883162,0.131578947368421
"2_131673731",0.728744939271255,0.424137931034483,0,0.19371800193718,0,0,0.184808612440191,0.332187857961054,0.0328947368421053
"2_138163362",0.906882591093118,0.82,1.36986301369863,0.41686708353375,2.16666666666667,1.14285714285714,1.25288092189501,1.36944444444444,0.96749226006192
"2_161143708",0.87719298245614,2.46,0,0.761715515813876,8,1.24137931034483,1.20821114369501,1.38997821350763,0.657894736842105
"2_170127380",0.539152759948652,0.439285714285714,2,0.0939628846605591,0.568306010928962,0.222222222222222,0.0936363636363636,0,0.150375939849624
"2_176996022",0.460526315789474,0.173239436619718,2.94117647058824,0.110192837465565,1.28395061728395,0.347826086956522,0,0,0.225563909774436
"2_186671441",1.00478468899522,1.17409090909091,0.436681222707424,0.758807588075881,1.98095238095238,1.05263157894737,1.2345092718227,1.15669515669516,0.85620750440695
"2_186689258",0.193905817174515,0.76875,8.92857142857143,0.0348310693138279,2.31111111111111,0,0.506142506142506,0.449612403100775,0.140977443609023
"2_232320345",0.523821401845847,1.61842105263158,1.09289617486339,0.458573464708434,0.608187134502924,0.96,0.891774891774892,0.855457227138643,0.944669365721997
"2_240957112",1.05263157894737,1.60434782608696,0,0.531632110579479,1.92592592592593,3.07692307692308,1.27685950413223,0.773333333333333,0.730994152046784
"3_38949272",0,0,0,0,0,0,0,1.11111111111111,0
"3_44285908",0.472334682860999,1.15916230366492,0.591715976331361,0.469814423302795,1.21212121212121,1.08843537414966,1.34640522875817,1.03111111111111,1.01674641148325
"3_45754598",0.171358629130967,0.164,0,0.278648554510623,0,0,0.0867003367003367,0.155913978494624,0
"3_47103717",0.874219446922391,1.19734513274336,0,0.621600621600622,1.92592592592593,0.484848484848485,1.10752688172043,1.08411214953271,0.962772785622593
"3_56705786",1.00478468899522,0,0,0,2.03921568627451,0,0,0,0
"3_87373023",1.16343490304709,1.025,0,0.348310693138279,0,1.09090909090909,0.802597402597403,1.38095238095238,0.998185117967332
"3_90276701",NA,1.75714285714286,10.5263157894737,0.252525252525253,2.03921568627451,1.18518518518519,NA,0.280193236714976,0.404858299595142
"3_104222063",0.334928229665072,0.3,0,0.0481000481000481,0,0,0.133766233766234,0.341750841750842,0.0559910414333707
"3_111343141",0.808729139922978,1.18806818181818,0.671140939597315,0.601250601250601,1.08333333333333,0.744186046511628,0.78030303030303,1.16971080669711,1.06147722246793
"3_114998274",0,0.170833333333333,0,0,1.38666666666667,0,0,0,0.292397660818713
"3_133335534",1.6374269005848,2.46,0,0.242424242424242,2.03921568627451,1.33333333333333,0.702272727272727,0.835390946502058,0.944669365721997
"3_145841117",0.30281182408075,0.2,0.87719298245614,0.336700336700337,0,0,0.0807210031347962,0.0532598714416896,0.0274122807017544
"3_150514564",0.526315789473684,0,0,0.0518000518000518,0,0,0.195075757575758,0.358024691358025,0
"3_157818250",1.68421052631579,1.40571428571429,0,0.487634970393591,0,1.06666666666667,0.910353535353535,1.02525252525253,1.05263157894737
"3_184046482",0.895228726020659,1.4,0,0.539881574364333,1.44444444444444,0.313725490196078,1.4491341991342,1.13916947250281,1.17647058823529
"3_195489920",1.2541993281075,1.025,0,0.707070707070707,3.55555555555556,0.6,0.882081686429513,0.976430976430976,0.935672514619883
"3_195955099",0,0,2.85714285714286,0.0492732200049273,0,0,0,0.214814814814815,0
"4_53380",NA,NA,NA,NA,NA,NA,NA,NA,NA
"4_4190507",0.0969529085872576,0.485526315789474,1.36986301369863,0,0,0,0.072027972027972,0,0
"4_4190511",0.0921052631578947,0.498648648648649,1.28205128205128,0,0,0,0.0698778833107191,0,0
"4_25158357",0.614035087719298,1.5,3.7037037037037,0.144300144300144,5.2,0,0.156060606060606,0.224806201550388,0.119617224880383
"4_57677780",0.783874580067189,0.455555555555556,8.69565217391304,0.155400155400155,3.74774774774775,1.6551724137931,0.0767511177347243,0,0.268528464017186
"4_70212835",0.242914979757085,0.997297297297297,5.26315789473684,0.12012012012012,0.859504132231405,0.925170068027211,0.365767045454545,0.0588533739218671,0.115131578947368
"4_80327945",0.786918753193664,1.49090909090909,0,0.575373993095512,1.29192546583851,0.45859872611465,1.09412055335968,1.16,0.959947037404833
"4_88537178",0.43343653250774,1.36666666666667,16.6666666666667,0.505050505050505,3.01449275362319,0.347826086956522,1.04040404040404,0.46031746031746,0.181488203266788
"4_88537276",1.14337568058076,1.23,13.5593220338983,0.303030303030303,3.93939393939394,1.37931034482759,0.203557312252964,0.358024691358025,0.0584795321637427
"4_89421228",0.283400809716599,0.615,5.26315789473684,0.115440115440115,0,0.705882352941177,0.975378787878788,0,0.315789473684211
"4_90749432",0.41708043694141,1.01095890410959,0,0.572390572390572,1.38666666666667,1.02127659574468,1.02414772727273,0.987455197132616,1.12781954887218
"4_103988642",0.366132723112128,1.74674556213018,1.27388535031847,0.515499825844653,0.641975308641975,1.12751677852349,1.23353293413174,1.09059829059829,0.66262779250284
"4_122997459",0.230263157894737,0.439285714285714,17.8571428571429,0.0612182430364249,0,0,0.123205741626794,0.153439153439153,0.11441647597254
"4_153848543",0.127041742286751,1.83582089552239,0,0.518000518000518,0,1.6,0.975378787878788,1.4320987654321,0.837320574162679
"4_160263183",1.05263157894737,0.709615384615385,0,0.568181818181818,1.98095238095238,0.484848484848485,1.49419729206963,1.33091787439614,1.10526315789474
"4_162577444",1.16343490304709,0.928301886792453,0,0.505050505050505,0.77037037037037,0.666666666666667,1.08041958041958,1.58181818181818,0.840643274853801
"4_190878395",NA,NA,NA,NA,NA,NA,NA,NA,NA
"5_13751270",0,0.0897810218978102,0,0,0,0,0.214762301918265,0.961857379767827,0
"5_13883151",0,0,0,0,0,0,0.0522135856708347,0,0
"5_24749562",0.274941084053417,1.31785714285714,4.12371134020619,0.0918273645546373,1.92592592592593,0.155339805825243,0.0793528505392912,0.157952069716776,0.198075834748161
"5_33162184",0,0.723529411764706,0,0.175669740887132,0,0,1.46306818181818,0.46031746031746,1.08359133126935
"5_34020899",0.663821716453295,1.63163265306122,0,0.230373914584441,0.928571428571428,0.434782608695652,0.82620320855615,1.18246687054027,0.943935926773455
"5_40959666",0.856793145654835,1.5375,0,0.5941770647653,1.98095238095238,1.41176470588235,1.01778656126482,1.14336917562724,1.09649122807018
"5_41149498",0.962406015037594,1.07625,0,0.409380145062964,1.8971807628524,0.763636363636364,0.745622895622896,1.07046979865772,0.953170327393286
"5_132161751",0.715380684721513,0.753061224489796,0,0.441193544641821,1.42955326460481,0.533333333333333,0.84032634032634,1.03856749311295,1.00379815518177
"5_133451172",0,1.75714285714286,0,0,0,0,0,0,0
"5_139494773",0.43343653250774,0.5125,6.89655172413793,0,1.38666666666667,0.761904761904762,0.501623376623377,0.214814814814815,0
"5_139714283",0.664602683178535,0.75,0.904977375565611,0.561167227833894,1.65079365079365,0.92817679558011,0.90034965034965,0.828141225337487,0.922409115572436
"5_149624901",0.475382003395586,2.83846153846154,6.89655172413793,0,3.71428571428571,0.347826086956522,0.334415584415584,0.284313725490196,0.657894736842105
"5_153150051",0,0.683333333333333,0,0.202020202020202,1.08333333333333,0,0,0,0.87719298245614
"5_157414117",0.80091533180778,0.80655737704918,0,0.324675324675325,0.422764227642276,0.32,0.829689298043728,0.814407814407814,0.676691729323308
"5_177677155",0,0.15974025974026,0,0,0,0,0.133766233766234,0.397260273972603,0
"5_178418699",0.329314907380182,1.66216216216216,1.26582278481013,0.573300573300573,2.03921568627451,1.06666666666667,1.04040404040404,1.13213213213213,1.04881769641495
"6_29897173",0,0,NA,0,0,0.166666666666667,0,0.240464344941957,0
"6_31630565",0,0,0,0,0,0,0,0,0.464396284829721
"6_33259931",0.85608211399869,1.78909090909091,1.00502512562814,0.509683995922528,1.79620034542314,0.538860103626943,0.901195049082373,0.97847585805701,0.872850442939031
"6_36982702",0.371517027863777,1.23,0,0.436800436800437,1.99233716475096,0.484848484848485,1.64852752880922,1.02978235967927,1.09182530795073
"6_49698733",0,0,0,0.637958532695375,2.03921568627451,0,1.33766233766234,0.604166666666667,1.18845500848896
"6_51613198",0.662006578947368,0.596035242290749,0.549450549450549,0.2311673953465,1.86547085201794,0.822857142857143,0.902519167579409,1.07806691449814,1.0317644331092
"6_52101829",0.529223611514975,0.808029197080292,0,0.49618996987418,1.34366925064599,0.910569105691057,1.27026074700493,1.1968253968254,0.981620718462824
"6_57472212",0,NA,3.2258064516129,0.11883541295306,0,0.347826086956522,0,0,0.246710526315789
"6_63990376",0.678670360110803,1.06034482758621,0.446428571428571,0.615915250061592,3.07788161993769,0.911917098445596,1.24580569644947,1.16465863453815,0.969529085872576
"6_65301797",0.523821401845847,1.31424657534247,0.547945205479452,0.574321771329253,1.37566137566138,0.763076923076923,0.895231383603477,0.921741452991453,0.874802810841819
"6_70866358",0.614035087719298,0,8.82352941176471,0,2.66666666666667,1.23076923076923,0.445887445887446,0.42962962962963,0.315789473684211
"6_85466732",0,2.83846153846154,0,0.932400932400932,0,0.4,0.814229249011858,0.201388888888889,0.43859649122807
"6_99284004",0.550514216575923,0.86013986013986,0,0.698158051099228,2.1010101010101,0.333333333333333,1.03517587939698,1.09059829059829,1.21865065347934
"6_109311901",1.03157894736842,0.918965517241379,0.975609756097561,0.454246608092762,2.34234234234234,0.586666666666667,1.00839160839161,1.24669312169312,0.898078529657477
"6_127165518",0,0,3.7037037037037,0,0,0,0,0.685579196217494,0
"6_129479220",0.514075887392901,0.384375,2.7027027027027,0.12243648607285,0,0,0,0,0.0674763832658569
"6_136372069",0.245614035087719,0,0,0.642791551882461,4.62222222222222,1.09090909090909,0.468181818181818,1.40972222222222,1.50375939849624
"6_143375226",0,0,0,0,2.88888888888889,0,0,0.568627450980392,0
"6_159653629",0.614035087719298,0.534782608695652,0,0.48188305069039,1.65079365079365,0.784313725490196,1.22317772317772,0.791902071563089,1.04355716878403
"6_160319750",0.640732265446224,0,0,0.155400155400155,6.11764705882353,1.45454545454545,0,0.292929292929293,0.292397660818713
"6_170599989",0.350877192982456,1.968,0,1.09427609427609,1.15555555555556,1.06666666666667,1.23930481283422,0.805555555555556,0.701754385964912
"7_4820621",0,0,0,0.805387205387205,0,0.727272727272727,1.05218855218855,0.767676767676768,1.38947368421053
"7_31569459",0.392982456140351,0.997297297297297,0,0.385914702581369,1.78694158075601,0.818897637795276,0.645661157024793,0.412839506172839,0.685390606561246
"7_39412904",0.12280701754386,0.5125,0,0.266488413547237,0.641975308641975,0.16,0.431530494821634,0.548888888888889,0.654462242562929
"7_55233034",NA,NA,0,NA,NA,NA,NA,NA,NA
"7_97515231",0,0,15.7894736842105,0,0,0,0.378787878787879,0,0
"7_100017953",0,0.341666666666667,0,0,0,0,0,0.844444444444444,0
"7_101126480",1.2280701754386,2.01940298507463,5.55555555555556,0.635832004253057,6.78260869565217,2.41860465116279,1.15074798619102,0.527777777777778,0.823391812865497
"7_107738822",1.7004048582996,0.5125,20,0.719095719095719,5.77777777777778,1.68421052631579,1.37147335423197,0.811965811965812,0.975069252077562
"7_117227765",0,0.157692307692308,0,0.421423537702607,0,0,0.0747607655502392,0.0367149758454106,0
"7_122826977",0.38781163434903,1.23,0,0.09742587161942,1.92592592592593,0.761904761904762,0.437062937062937,1.09465020576132,0.567132116004296
"7_132169891",0,0,15.7894736842105,0,0,0,0,0,0
"7_138957240",0.124888492417484,0.120588235294118,3.19148936170213,0.0215728715728716,1.28395061728395,0.324324324324324,0.0485625485625486,0.0493827160493827,0.0330827067669173
"7_142124611",0,0.5125,1.88679245283019,0.0471906565656566,0,0.4,0.329380764163373,0.0463980463980464,0
"7_142655508",0.315789473684211,1.55915492957746,0,0.366085093357821,2.06965174129353,1.50943396226415,0.771604938271605,0.952069716775599,1.20823798627002
"7_149148379",0.160183066361556,0.894545454545455,0,0.0511898647491868,1.87387387387387,0,0,0,0.064327485380117
"7_154875912",0.350877192982456,0.399350649350649,0,0.263123660850934,0.604651162790698,0.514851485148515,0.606060606060606,0.643631436314363,0.929696504033807
"7_157018287",0,0.6,0,0,0,0,0,0.456456456456456,0
"8_12406685",1.53508771929825,3.075,15.9090909090909,0.640551860064055,8.91428571428571,1.45454545454545,0.807210031347962,0.366161616161616,0.31328320802005
"8_20022529",0.759971678074109,0.751666666666667,0.531914893617021,0.45021645021645,1.29078014184397,1.08641975308642,1.08598875351453,0.928436911487759,0.979192166462668
"8_22974610",0,0,0,0,0,0,0.12004662004662,0.339181286549708,0.0487329434697856
"8_24253182",0.175438596491228,0.372727272727273,0,0,4.16,0.296296296296296,0.413101604278075,0,0.0730994152046784
"8_27891030",0.703349282296651,1.2915,0,0.55005500550055,2.60931899641577,0.936170212765957,1.03337428337428,0.771517996870109,1.10867446393762
"8_36722015",0.823529411764706,0.895631067961165,0,0.295888174676053,1.66844919786096,1.45911949685535,0.664873587950511,0.966666666666667,0.92797783933518
"8_42022831",0.359435173299101,0.148192771084337,1.33333333333333,0.0246366100024637,0.517412935323383,0,0.121605667060213,0,0.0299043062200957
"8_67066238",0.184210526315789,0.431578947368421,14.8936170212766,0.168350168350168,1.82456140350877,0.307692307692308,0.597678916827853,0.119341563786008,0.127334465195246
"8_68092258",1.84210526315789,0.82,0,0.134680134680135,5.47368421052632,0,0.334415584415584,0.23015873015873,0.12531328320802
"8_77515549",0,0,0,0,0,0,0.161442006269592,0.322222222222222,0
"8_86180105",0.158460667798529,0,0,0.336700336700337,0.737588652482269,1.11627906976744,0.7245670995671,1.03571428571429,0.799793601651187
"8_110476889",0.488396784468376,1.44705882352941,0.324675324675325,0.513276083308657,1.89090909090909,0.808362369337979,0.804238706079197,1.09484346224678,0.964912280701754
"8_144995548",0.718870346598203,0.502040816326531,0,0.252525252525253,1.48571428571429,1.39130434782609,0.924803591470258,0.716049382716049,1.02040816326531
"9_5112813",0,0,0,0,0,1.04347826086957,0,0,0
"9_14824709",0.736842105263158,1.89230769230769,0,0,0,0.761904761904762,0.167207792207792,0,0.14187643020595
"9_35707759",0.473991997537704,1.42244897959184,0,0.556586270871985,0.866666666666667,1.17894736842105,0.858333333333333,1.05020576131687,1.03383458646617
"9_35906347",0,0,0,0,2.53658536585366,0.421052631578947,0,0.107407407407407,0.093984962406015
"9_38578102",0.437727983324648,0.494472361809045,0,NA,1.18721461187215,0.619354838709677,0.622438255386232,0.875943905070119,0.710828796128252
"9_66456991",0.961098398169336,0.559090909090909,0,NA,0,1.45454545454545,0.36013986013986,0,0
"9_66500538",0,2.58947368421053,0,0.144300144300144,0,2.10526315789474,0.246411483253589,0.247863247863248,0
"9_68429234",0,0.546666666666667,5.45454545454545,0.177210703526493,0,0.705882352941177,0.191094619666048,0,0.148957298907646
"9_79816194",0.254083484573503,1.17142857142857,4.16666666666667,0.487634970393591,0,0.888888888888889,0.755131964809384,1.53439153439153,0.977443609022556
"9_86895722",0.466869653472524,0.770940170940171,0.821917808219178,0.604850904252102,2.11265004616805,0.832214765100671,1.05898268398268,1.07138888888889,0.938278844744172
"9_102730697",1.05263157894737,1.025,2.77777777777778,0.183654729109275,4.68468468468468,0.914285714285714,0.425619834710744,0.596707818930041,0.167973124300112
"9_118982134",0,0,0,0,0,0,0.45307917888563,0.644444444444444,0
"9_130168295",0.760233918128655,1.58709677419355,0.952380952380952,0.606060606060606,2.8013468013468,1.70666666666667,1.48629148629149,1.24366471734893,1.17311350665821
"9_131904617",0.982456140350877,1.17142857142857,13.6363636363636,0.0721500721500721,1.73333333333333,0.571428571428571,0.234090909090909,0.153439153439153,0.303643724696356
"10_6005967",0,1.41923076923077,4.76190476190476,0.364357864357864,0,0.941176470588235,1.30050505050505,1.26984126984127,1.28195488721805
"10_6797423",0,0.615,0,0.191287878787879,1.92592592592593,0,0,0,0.135964912280702
"10_12198019",1.71929824561404,0.647368421052632,0,0.34006734006734,1.44444444444444,1.14285714285714,1.3655303030303,1.25,0.741626794258373
"10_19024741",0,0,0,0,0.608187134502924,0,0,0,0.13984962406015
"10_45473250",0.783874580067189,0.689719626168224,0,0.654160654160654,0.866666666666667,0.967741935483871,1.42126623376623,1.20456905503634,1.01002506265664
"10_59101326",0.545808966861598,1.41923076923077,0,0.370982552800735,0,1.81818181818182,1.04040404040404,1.48148148148148,0.699248120300752
"10_75506425",1.10526315789474,1.23,0,0.476094276094276,1.28395061728395,0,0.755131964809384,1.26984126984127,0.917763157894737
"10_79492449",0,0,0,0.11593204775023,0,0,0.144055944055944,0,0.763717805151176
"10_81791906",2.06315789473684,2.46,35.7142857142857,0.326464646464646,7.7037037037037,1.53846153846154,0.739234449760766,0.483091787439614,0.425629290617849
"10_89653802",0.254083484573503,0.135164835164835,0,0.21973581973582,0,0,0.111471861471861,0.384615384615385,0
"10_100035857",0.669856459330144,0,0,0.107389686337055,2.03921568627451,1.45454545454545,0.936363636363637,0.246913580246914,0
"10_103988140",0.171358629130967,0.6,0,0.102020202020202,5.54666666666667,0.761904761904762,1.1483704974271,0.854700854700855,0.966861598440546
"10_105133368",0.171358629130967,0.523404255319149,3.92156862745098,0.0491663624193745,0.438818565400844,0.457142857142857,0.200649350649351,0.229885057471264,0.0494417862838915
"10_116008726",0.65015479876161,1.89230769230769,2.4390243902439,0.425084175084175,0,0.727272727272727,2.16083916083916,1.33333333333333,1.01973684210526
"10_134218045",0,0,2.56410256410256,0.127525252525253,0,0,0,0,0
"11_1097375",0.614035087719298,1.70833333333333,1.23456790123457,0.457912457912458,1.50724637681159,1.57142857142857,1.04652406417112,1.16116116116116,0.977443609022556
"11_1651615",0.115131578947368,0,1.40845070422535,0.0621600621600622,0.568306010928962,0.313725490196078,0.156060606060606,0,0.315789473684211
"11_1651677",0,0,0,0.0229568411386593,0,0.207792207792208,0.0508893280632411,0,0.11609907120743
"11_3049011",0.898587933247754,0.492,5.88235294117647,0,1.33333333333333,0,0,0,0
"11_3552847",1.0281517747858,1.5375,9.23076923076923,0.140944326990839,2.6,0.372093023255814,0.468181818181818,0.140096618357488,0.358851674641148
"11_3552879",0.713073005093379,0.585714285714286,4.25531914893617,0,1.28395061728395,0,0.456762749445676,0.0976430976430976,0.225563909774436
"11_3552882",0.294736842105263,0.647368421052632,3.125,0,1.73333333333333,0,0.438920454545455,0.128888888888889,0.272232304900181
"11_4661424",0.947368421052632,0.647368421052632,0,0.398893392523966,1.5668549905838,0.847682119205298,1.06532389765923,0.944186046511628,0.808585710085269
"11_4825181",0.381125226860254,0.637777777777778,0,0.179573512906846,2.15320910973085,1.20634920634921,1.02208706786172,0.805555555555556,0.801809210526316
"11_6662745",0,0,0,0.192400192400192,3.71428571428571,0.923076923076923,0.137700534759358,0.0805555555555556,0.105263157894737
"11_7334776",0.707803992740472,1.43805970149254,0,0.553406404470234,1.89817483189241,0.729411764705882,0.971921749136939,1.09059829059829,1.01932045303131
"11_11398811",0,0,0,0,0,0,0,0.674418604651163,0
"11_17111197",0.175438596491228,0,6.38297872340425,0.0841750841750842,0,0.266666666666667,0,0.214814814814815,0.103199174406605
"11_28042838",0.88421052631579,0.212068965517241,0,0.657740192623914,1.33333333333333,0.516129032258065,1.27685950413223,1.03571428571429,0.657894736842105
"11_49655995",0.313549832026876,1.61842105263158,0,0.484848484848485,0,0.695652173913043,0.550802139037433,1.27390180878553,1.6812865497076
"11_58059678",0,0,0,0.202020202020202,0,0,0.616028708133971,0,0.232198142414861
"11_60231772",0.589473684210526,1.26514285714286,1.20481927710843,0.338311343096032,0.962962962962963,1.04918032786885,0.616766467065868,0.825795644891122,0.841493268053856
"11_62397228",1,1,1,0.759892503011769,1,1,1,1,1.14832535885167
"11_64457863",0.526315789473684,0.45,0,0.616693248272196,1.98095238095238,0.674698795180723,0.902001668056714,0.859259259259259,0.730994152046784
"11_67433754",0.72827417380661,1.28951612903226,1.45985401459854,0.400833734167067,1.38666666666667,0.957264957264957,1.09574468085106,1.05215419501134,0.892060660124888
"11_73019648",1.30030959752322,0,0,0,0,0,0,0,0
"11_74645032",0.117894736842105,0,0,0,0,0,0.136363636363636,0.0247863247863248,0
"11_76402775",0,0,0,0.284900284900285,0.433333333333333,0.186046511627907,0.217758985200846,0,0.410116199589884
"11_76405740",0.470324748040314,0.878571428571429,4.65116279069767,0.252525252525253,2.23655913978495,1.53846153846154,0.101778656126482,0.0895061728395062,0.134952766531714
"11_77917159",0.139026812313803,0,0,0.171932086825704,0,0,0.212809917355372,0.122362869198312,0
"11_100170227",0,0.1921875,0,0,0,0,0,0.743589743589744,0
"11_100910107",0.401913875598086,0.683333333333333,0,0.752624282036047,1.08333333333333,0,0.693602693602694,0.678362573099415,0.998185117967332
"11_112072992",0,0,0,0,0.962962962962963,0,0,0,0.17162471395881
"11_125482678",0.1364522417154,0,5.97014925373134,0.0561167227833894,0,0.148148148148148,0.177790563866513,0,0.109649122807018
"12_176120",NA,NA,NA,NA,NA,NA,NA,NA,NA
"12_3765477",0.504686373467916,0.341666666666667,0,0.714461690071446,1.55223880597015,1.03703703703704,1.22134387351779,0.747181964573269,1.09649122807018
"12_4877525",0,0,13.0434782608696,0,0,0,0,0,0
"12_9847164",0,0,0,0,0,0,0.610671936758893,0,0
"12_10563960",0,0.431578947368421,0,0,0,0,0,0.617960426179604,0
"12_33031066",0.872576177285319,1.52022471910112,0,0.770866560340245,3.85185185185185,0.436363636363636,0.725352112676056,1.11111111111111,0.733390854184642
"12_58089491",0.459016393442623,1.52593984962406,0.75187969924812,0.641933352213726,2.06524822695035,0.921465968586387,1.08041958041958,1.08904374758033,1.31578947368421
"12_92380651",0.294736842105263,1.5375,0,0.155400155400155,2.03921568627451,0.941176470588235,0,0,0.087719298245614
"12_104609735",0.728744939271255,0.559090909090909,0,0.52472779745507,0.962962962962963,0.972972972972973,0.822481572481573,1.1412037037037,1.11019736842105
"12_106852803",0.237691001697793,0.534782608695652,10,0.0673400673400673,1.33333333333333,0,0,0.128888888888889,0.169779286926995
"12_111537985",0.350877192982456,0,12,0.288600288600289,0,0,0.78030303030303,0.161111111111111,0
"12_112685781",0.614035087719298,1.36666666666667,20,0.168350168350168,5.1358024691358,0.8,0.52020202020202,0.537037037037037,0.075187969924812
"12_113386631",0.394736842105263,0.546666666666667,0,0.596877869605142,1.86379928315412,0.545454545454545,1.39063906390639,1.12621359223301,1.0061919504644
"12_124297661",0.422778257118205,0.870796460176991,0,0.485625485625486,2.28070175438596,1.20430107526882,1.04040404040404,0.920634920634921,1.0194404931247
"12_124812220",0.421052631578947,0,5.88235294117647,0,0,0.5,0,0.175757575757576,0
"12_133310699",0,0,0,0.234907211651398,0,0,0,0,0
"13_20066938",0.640732265446224,0.219642857142857,1.72413793103448,0.102722136620442,1.9622641509434,0,0.267532467532468,0,0.0559910414333707
"13_25541700",0.982456140350877,0.585714285714286,0,0.721500721500722,1.65079365079365,0.8,1.31090909090909,0.895061728395062,0.87719298245614
"13_70293343",2.13296398891967,1.23,13.5135135135135,0.538720538720539,2.66666666666667,0.571428571428571,0.851239669421488,0.683501683501683,0.404858299595142
"13_77526858",0.818713450292398,1.60434782608696,0,0.5941770647653,2.66666666666667,1.10344827586207,0.759213759213759,0.976430976430976,0.935672514619883
"13_97986402",1.84210526315789,2.4,40.7407407407407,0.521342456826328,7.42857142857143,1.26315789473684,1.17045454545455,0.537037037037037,0.478468899521531
"13_103400308",0.723444976076555,0.996527777777778,0,0.531191835539662,1.44761904761905,0.772532188841202,0.938339087073264,0.965181771633384,1.02515324455718
"13_103701689",0.342717258261934,0.640625,0,0.240749463547391,0.178694158075601,0.941176470588235,0.808029533917859,1.03015282940933,0.813890396093326
"13_108518686",0.272904483430799,0.946153846153846,14.2857142857143,0.269360269360269,0,0.421052631578947,0.36013986013986,0.257777777777778,0
"13_109661101",0.775623268698061,0.323684210526316,3.57142857142857,0,0,0,0,0,0.303643724696356
"13_110436296",0.150375939849624,0,3.84615384615385,0,2.21276595744681,0.432432432432432,0.114190687361419,0,0.0611995104039168
"14_22038169",0.37107156380159,0.634020618556701,0.72992700729927,0.585565802957107,1.89090909090909,0.830188679245283,1.04040404040404,0.866479925303455,1.08824693312228
"14_31112378",1.0783055198973,0.251020408163265,3.03030303030303,0.0561167227833894,0.99047619047619,0.516129032258065,0.346801346801347,0.123931623931624,0.274122807017544
"14_38061155",0.850202429149798,0.683333333333333,0,0.77243018419489,2.66666666666667,1,1.21727272727273,1.27546296296296,0.842105263157895
"14_53065031",0,0.793548387096774,0,0.417972831765935,7.7037037037037,0.592592592592593,0.64576802507837,0.560386473429952,1.11642743221691
"14_64540964",0,0.246,1.28205128205128,0.104945559491014,0.877637130801688,0.140350877192982,0.064134495641345,0.0678362573099415,0.0282965478211658
"14_74205925",0,0,2.22222222222222,0,0,0,0.24009324009324,0,0.133809099018733
"14_96968817",0,0,0,0,4.16,0,0,0,0
"14_101525964",0.499553969669938,1.57692307692308,1.88679245283019,0.351339481774264,1.17514124293785,1.33333333333333,0.997764530551416,1.16,0.974658869395711
"14_106363818",0.0969529085872576,0.315384615384615,2.98507462686567,0.0384800384800385,0.51358024691358,0.25,0.119281991893457,0.0964737192282102,0.0389863547758285
"14_106363823",0.149359886201991,0.302459016393443,4.16666666666667,0.0425305688463583,0.517412935323383,0.39344262295082,0.129153605015674,0.0982384823848238,0.0398724082934609
"14_106363828",0.118209963411202,0.246,3.2258064516129,0.0351339481774264,0.422764227642276,0.264900662251656,0.130050505050505,0.0821995464852608,0.033955857385399
"14_106363919",0.1211247296323,0.442156862745098,7.38255033557047,0.16220600162206,1.43166175024582,0.479495268138801,0.230793854033291,0.231814548361311,0.161812297734628
"14_106363921",0.115583075335397,0.330941704035874,5.31400966183575,0.128266794933462,1.12737127371274,0.394618834080717,0.172601591956431,0.206405693950178,0.115928587989798
"14_106363923",0.119165839126117,0.443606557377049,6.8259385665529,0.1640016400164,1.40269749518304,0.454258675078864,0.211332070707071,0.217928073000537,0.152310035539008
"14_106370715",0,0,0,0,0,2,0,0,0
"15_20173336",NA,NA,NA,NA,NA,NA,NA,NA,NA
"15_21893259",0,0.559090909090909,0,0,0,0,0.187272727272727,0.153439153439153,0.303643724696356
"15_22319092",0.330153285453961,0.717706237424547,0.193423597678917,0.292782901478554,0.665245202558635,0.423076923076923,0.471957478005865,0.529930686830498,0.483580746738641
"15_22473267",0.100937274693583,0.1921875,6.57894736842105,0,0,0,0.0698778833107191,0.0716049382716049,0.0341763499658237
"15_40565747",0.0383771929824561,0.207303370786517,0,0.213401621852326,0,0,0.36013986013986,0.227920227920228,0.0418353576248313
"15_42918570",0.263157894736842,0.82,0,0.0748222970445193,1.23809523809524,0,0,0.317460317460317,0
"15_85360507",0,0,0,0,0,0,0,0.345238095238095,0
"15_101024836",0.323176361957525,1.41923076923077,0,0.612870275791624,1.19540229885057,0.936170212765957,0.911504424778761,0.886850152905199,1.11717974180735
"16_4918913",0.362381363244176,0,0,0,0,0.246153846153846,0,0,0
"16_5339164",0,1.153125,6.89655172413793,0,0,0,0,0.0920634920634921,0
"16_5339209",0,0.946153846153846,4.8780487804878,0,0.99047619047619,0,0,0.179012345679012,0
"16_5339227",0,0.971052631578947,4.8780487804878,0,0.845528455284553,0,0,0.185897435897436,0
"16_13307325",0.404858299595142,0.527142857142857,7.04225352112676,0.106326422115896,1.96969696969697,0.142857142857143,0.12004662004662,0.0895061728395062,0.207756232686981
"16_27356600",0.232076253626191,0.238834951456311,0,0.275482093663912,1.84070796460177,0.8,0.773144286905755,0.786526684164479,0.87719298245614
"16_31236050",0,0.709615384615385,0,0.367309458218549,1.23809523809524,0,0.877840909090909,0.840579710144927,0.861244019138756
"16_31428068",0,0.683333333333333,6.66666666666667,0,5.25252525252525,0,0.146306818181818,0.292929292929293,0.164473684210526
"16_33392125",0.460526315789474,0.946153846153846,6.66666666666667,0.102789143885034,2.5738592420727,0.498845265588915,0.236781609195402,0.163495419309373,0.15436636283446
"16_34648709",1.01633393829401,0.523404255319149,0,0.404040404040404,0,0.432432432432432,0.752435064935065,1.08986928104575,0.789473684210526
"16_46391969",1.47368421052632,0,6.89655172413793,0,3.3015873015873,0.250434782608696,0,0,0
"16_46392004",0,0,10,0.0673400673400673,1.44444444444444,0.274044795783926,0.346801346801347,0,0.202429149797571
"16_46731434",0,0.104237288135593,0,0.00939628846605591,0,0.098159509202454,0.187272727272727,0.78804347826087,0
"16_50368677",0,0.447272727272727,7.2463768115942,0.0336700336700337,0,0.173913043478261,0.425619834710744,0.30398322851153,0.0496524329692155
"16_50734029",0.566801619433198,1.64,0,0.538720538720539,0,0.666666666666667,0.877840909090909,1.28888888888889,0.730994152046784
"16_51171493",0.206591244466306,0.323684210526316,1.96078431372549,0.0637958532695375,1.52380952380952,0.292682926829268,0.298839458413927,0.0886850152905199,0.0720980533525595
"16_55770190",0,0,0,0,0,0,0,0.444444444444444,0
"16_55798804",0,0.946153846153846,12.0689655172414,0.103600103600104,2.6,0.186046511627907,0.101778656126482,0.280193236714976,0.18796992481203
"16_55863015",0.175438596491228,0,2.4390243902439,0.0259000259000259,0.433333333333333,0.333333333333333,0.184808612440191,0.111111111111111,0
"16_55863018",0.179717586649551,0,2.56410256410256,0.0273000273000273,0.456140350877193,0.358208955223881,0.197823303457106,0.117886178861789,0
"16_66969636",1.24186871673566,2.49113924050633,0,0.67987567987568,2.31111111111111,1.33333333333333,1.10160427807487,0.926388888888889,1.12781954887218
"16_68355171",1.84210526315789,1.29473684210526,0,0,0,0,0,0,0.194931773879142
"16_68371178",1.16343490304709,1.27241379310345,0,0.168350168350168,2.66666666666667,0.470588235294118,0.369617224880383,0.70048309178744,0.202429149797571
"16_70154328",0.116959064327485,0.670909090909091,15.1515151515152,0.264944527239609,3.46666666666667,0.982456140350877,0.528592375366569,0.61965811965812,0.242914979757085
"16_70154480",0.442105263157895,0.658928571428571,8.28025477707006,0.211909302818394,1.92592592592593,0.466666666666667,0.336601307189542,0.445175438596491,0.247413405308142
"16_75534342",0.254083484573503,0.492,0,0,0,0,0.668831168831169,0.140096618357488,0
"17_263701",0,0.498648648648649,0,0,0.55026455026455,0,0,0,0
"17_4872073",0.578947368421053,0.76875,0.636942675159236,0.291046053757918,1.662100456621,1.06194690265487,0.848155467720685,1.08920187793427,1.13737734165923
"17_7247187",0.827912477823773,0.683333333333333,0,0.849070414287806,0,0.941176470588235,0.72027972027972,0.805555555555556,1.07487027427724
"17_10600835",0.541795665634675,1.55135135135135,0.704225352112676,0.47534165181224,2.70833333333333,0.75,1.08563899868248,1.19499632082414,0.776531492666091
"17_18454769",0.0956937799043062,0.161842105263158,2.46913580246914,0.1383700013837,0.577777777777778,0.126984126984127,0.0698778833107191,0.244107744107744,0.0711237553342817
"17_26101214",0.65015479876161,1.49090909090909,11.1111111111111,0.0808080808080808,1.11827956989247,0.8,0.624242424242424,0.0920634920634921,0
"17_28656284",0.382775119617225,1.09821428571429,1.36986301369863,0.521342456826328,0,0.444444444444444,1.56060606060606,0.975146198830409,1.1441647597254
"17_33880196",0.68649885583524,1.78137931034483,0.673400673400673,0.560791865139691,1.94912985274431,0.559440559440559,0.945513769618004,1.21232123212321,0.852219516763439
"17_36099431",0.808729139922978,1.25510204081633,0,0.57092665788318,3.39869281045752,0.8,1.40454545454545,1.33333333333333,1.06516290726817
"17_41113131",4.13350449293967,6.15,35.4838709677419,0.788371520078837,15.0222222222222,2.82352941176471,1.82705099778271,1.20833333333333,1.06685633001422
"17_41934626",1.06960950764007,2.28837209302326,0,0.538720538720539,0.737588652482269,0.195121951219512,0.922176308539945,0.675627240143369,1.09114249037227
"17_48650054",0.344721452754694,0.424137931034483,0.869565217391304,0.375851538642236,0.254901960784314,1.26315789473684,1.00901253918495,1.18620268620269,1.12019914651494
"17_50008512",0,0,0,0.242424242424242,0,0,0,0,0
"17_60324472",0.580190634065479,0.41,0,0.308166409861325,0.361111111111111,0.954128440366973,0.807210031347962,1.33404104741684,0.773993808049536
"17_65041060",0.587337909992372,1.50612244897959,0.934579439252336,0.694949494949495,1.29353233830846,0.82051282051282,1.24411951684679,1.13060428849903,0.87719298245614
"17_66878634",0.86687306501548,0.232075471698113,0,0.456174649723037,0.666666666666667,0.909090909090909,0.910353535353535,0.805555555555556,1.03668261562998
"17_75187625",0.254083484573503,2.05,0,0.0808080808080808,0.936936936936937,0.380952380952381,0.133766233766234,0,0.093984962406015
"17_75441607",0.230263157894737,0.976190476190476,4.6875,0.0310800310800311,0.619047619047619,0.280701754385965,0.151026392961877,0.18733850129199,0.109649122807018
"17_80000798",0.59286146400484,0.76875,7.5,0.052472779745507,0.714776632302405,0.736842105263158,0.337863167760075,0.0903426791277259,0.252343186733958
"18_347236",0,0,0,0.29806259314456,0,0,0.196097096620657,0,0.0147015583651867
"18_6943408",0.512091038406828,0.782727272727273,0,0.436800436800437,1.59754224270353,0.511415525114155,1.14768305624337,0.963912630579297,1.10734757686295
"18_12337642",0,0.251020408163265,3.84615384615385,0.0459136822773186,1.89090909090909,0,0.108879492600423,0.0785907859078591,0.119617224880383
"18_37092025",0,0,3.7037037037037,0.420875420875421,2.47619047619048,0.296296296296296,0.891774891774892,1.07407407407407,0.676691729323308
"18_44268967",0.475382003395586,0.372727272727273,0,0.614844093104963,1.73333333333333,0.4,1.31090909090909,1.07407407407407,1.15131578947368
"19_6837147",1.05263157894737,2.46,0,0.582092107515836,1.65079365079365,0.923076923076923,0.842727272727273,0.883512544802867,1.31578947368421
"19_7119649",0.230263157894737,0,0,0,4,0,0,0,0
"19_7568966",0,1.19032258064516,0,0,0,0,0,0.345238095238095,0
"19_8592149",0,0,0,0.126262626262626,0,0.242424242424242,0.130050505050505,0,0.831024930747922
"19_9016606",0.350877192982456,0.405494505494505,0.99009900990099,0.246366100024637,0.753623188405797,0.238805970149254,0.435517970401691,0.814407814407814,0.845864661654135
"19_9268361",2.10526315789474,3.936,29.1666666666667,0.785634118967452,10.1960784313725,2.66666666666667,1.63863636363636,0.805555555555556,1.10356536502547
"19_17608307",0.874219446922391,2.3961038961039,0,0.634249471458774,0,0.864864864864865,1.76868686868687,1.11313131313131,1.13573407202216
"19_22646654",0.460526315789474,0,17.6470588235294,0,0,0,0.212809917355372,0.345238095238095,0.138504155124654
"19_23695298",0.683164865806901,0.664864864864865,0,0.441388676682794,0.928571428571428,0.914285714285714,0.895652173913044,1.00402576489533,0.964912280701754
"19_42218820",0.491228070175439,0.802173913043478,0,0.420875420875421,0.679738562091503,0.680851063829787,0.83853459972863,1.15079365079365,0.536062378167641
"19_42265305",0.524235489910547,0.72828947368421,0,0.218143880115711,1.85714285714286,1.13636363636364,0.580048270313757,0.817948717948718,0.897979546021452
"19_43688980",0.847171404446946,1.28029739776952,0.31055900621118,0.581353099338711,1.30817610062893,0.938110749185668,0.962464364903389,1.29656084656085,0.861584566398202
"19_43780474",0.184210526315789,0.166216216216216,3.84615384615385,0.0292782901478554,1.625,0,0,0,0
"19_43780479",0.177552314521243,0.46125,8.23529411764706,0.08302200083022,2.00966183574879,0,0.0616028708133971,0.0392953929539295,0.0277008310249307
"19_49134344",0,1.94210526315789,0,0,0,0,0,0,0
"19_49573636",0.888797870161786,0.953877551020408,0,0.54457619675011,1.18181818181818,0.884955752212389,1.35641461342396,1.06658923732094,0.993840985442329
"19_49926530",0,0,2.08333333333333,0.043917435221783,0,0.75,0.346801346801347,0,0.103199174406605
"19_52033439",1.6374269005848,0.615,0,0.808080808080808,1.15555555555556,1,0.468181818181818,0.758169934640523,0.526315789473684
"19_54867886",0.315789473684211,0.76875,0,0.187925769321118,0.77037037037037,0.285714285714286,0.690760059612519,0.950819672131147,0.730994152046784
"20_1592431",0.950764006791172,1.36666666666667,9.09090909090909,0.353535353535354,11.5555555555556,1.66666666666667,0.52020202020202,0.390572390572391,0.18359853121175
"20_17350043",0,0.552808988764045,5.15463917525773,0.047534165181224,1.47517730496454,0.32,0.398452611218569,0.117171717171717,0.0931532370749883
"20_22714347",0,1.36666666666667,4.34782608695652,0.252525252525253,3.01449275362319,1.06666666666667,0.234090909090909,0.153439153439153,0
"20_26072168",0.499553969669938,0.814569536423841,0,0.662083015024192,1.99520383693046,0.369230769230769,0.936363636363637,0.62962962962963,0.871143375680581
"20_29652303",0,0.585714285714286,2.85714285714286,0,3.58620689655172,0.285714285714286,0.212809917355372,0,0
"20_30583048",0,0,0,0,0,0,0.130050505050505,0.90625,0
"20_34205785",0.502392344497608,0.683333333333333,0.540540540540541,0.336700336700337,1.55805243445693,1.27058823529412,0.767917267917268,0.980676328502415,1.06135504507124
"20_58486848",0,0,0,0,0,0,0,0.0354090354090354,0.209594783418724
"20_60904421",2.14912280701754,4.1,34.7826086956522,1.30718954248366,12.7111111111111,2.66666666666667,1.17045454545455,1.00694444444444,0.831024930747922
"21_9921939",NA,NA,NA,NA,NA,NA,NA,NA,NA
"21_14439295",0,0,0,0.505050505050505,0,0,0,0,0.619195046439628
"21_14899328",0.636777128005198,0.595161290322581,5.95238095238095,0.155400155400155,2.66666666666667,0.972972972972973,0.251710654936461,0.14481897627965,0.0923361034164358
"21_35469024",0,0.0836734693877551,0.606060606060606,0.260671228413164,0,0,0.0737294201861131,0,0
"21_38463868",0,0.738,0,0,0,0,0.292613636363636,0,0.0711237553342817
"21_46021587",0.503823661718399,1.16526315789474,0,0.691121743753323,0.962962962962963,1.67032967032967,0.89651837524178,1.13725490196078,0.919775166070516
"22_20114366",0,0.146428571428571,0,0.271950271950272,0.468468468468468,0,0.317411402157165,0,0.657894736842105
"22_21419655",0.307017543859649,1.968,8.82352941176471,0.183654729109275,6.93333333333333,1.14285714285714,0.246411483253589,0.322222222222222,0.34324942791762
"22_22550451",0.657894736842105,1.01373626373626,0,0.613982966924143,1.74423480083857,0.978723404255319,1.16495945369185,1.11289602855868,0.868421052631579
"22_23029871",0.398293029871977,1.75714285714286,14,0.367309458218549,5.41666666666667,1.25,0.111471861471861,0.563888888888889,0.167973124300112
"22_23230308",0.403749098774333,0.71304347826087,0,0.618429189857761,0.587570621468926,0.631578947368421,0.957644628099174,1.16358024691358,0.812693498452012
"22_38234581",0.727745289148798,1.40571428571429,2.24719101123595,0.543065059194091,3.22480620155039,1.10769230769231,1.04040404040404,0.756235827664399,0.91533180778032
"22_42415224",1.57031924072476,1.99875,15.7894736842105,0.33208800332088,5.87570621468926,1.73913043478261,1.03364817001181,1.01089324618736,0.584795321637427
"X_9050441",NA,NA,NA,NA,NA,NA,NA,NA,NA
"X_19373452",NA,NA,NA,NA,NA,NA,NA,NA,NA
"X_21857796",NA,NA,NA,NA,NA,NA,NA,NA,NA
"X_23722929",NA,NA,NA,NA,NA,NA,NA,NA,NA
"X_44091809",NA,NA,NA,NA,NA,NA,NA,NA,NA
"X_48140519",NA,NA,NA,NA,NA,NA,NA,NA,NA
"X_48841622",NA,NA,NA,NA,NA,NA,NA,NA,NA
"X_53264130",NA,NA,NA,NA,NA,NA,NA,NA,NA
"X_53674168",NA,NA,NA,NA,NA,NA,NA,NA,NA
"X_53964639",NA,NA,NA,NA,NA,NA,NA,NA,NA
"X_73802847",NA,NA,NA,NA,NA,NA,NA,NA,NA
"X_73803016",NA,NA,NA,NA,NA,NA,NA,NA,NA
"X_73803029",NA,NA,NA,NA,NA,NA,NA,NA,NA
"X_73803042",NA,NA,NA,NA,NA,NA,NA,NA,NA
"X_74513144",NA,NA,NA,NA,NA,NA,NA,NA,NA
"X_100403014",NA,NA,NA,NA,NA,NA,NA,NA,NA
"X_105139356",NA,NA,NA,NA,NA,NA,NA,NA,NA
"X_106367753",NA,NA,NA,NA,NA,NA,NA,NA,NA
"X_107939643",NA,NA,NA,NA,NA,NA,NA,NA,NA
"X_140335770",NA,NA,NA,NA,NA,NA,NA,NA,NA
"X_149566594",NA,NA,NA,NA,NA,NA,NA,NA,NA
"X_152870437",NA,NA,NA,NA,NA,NA,NA,NA,NA
"X_152870485",NA,NA,NA,NA,NA,NA,NA,NA,NA
"X_152870518",NA,NA,NA,NA,NA,NA,NA,NA,NA
