"A23M_lib74157_3847_5","A23S_lib74158_3847_5","A23T_lib74159_3847_5","SP19M_lib74154_3847_4","SP19S_lib74155_3847_4","SP19T_lib74156_3847_5"
"1_1268487",2,2,4,4,4,4
"1_1635165",2,2,4,4,4,4
"1_1644945",2,2,4,4,4,4
"1_2235899",2,2,4,4,4,4
"1_3397145",2,2,4,4,4,4
"1_6324529",2,2,4,4,4,4
"1_9794259",2,2,4,4,4,4
"1_10165494",2,2,4,4,4,4
"1_10397531",2,2,4,4,4,4
"1_12061821",2,2,4,4,4,4
"1_12067335",2,2,4,4,4,4
"1_15904242",2,2,4,4,4,4
"1_16363158",2,2,4,4,4,4
"1_16747822",2,2,4,4,4,4
"1_16862708",2,2,4,4,4,4
"1_16862714",2,2,4,4,4,4
"1_19166493",2,2,4,4,4,4
"1_21091969",2,2,4,4,4,4
"1_21103124",2,2,4,4,4,4
"1_22299706",2,2,4,4,4,4
"1_26380354",2,2,4,4,4,4
"1_27059305",2,2,4,4,4,4
"1_27480723",2,2,4,4,4,4
"1_27682998",2,2,4,4,4,4
"1_27683709",2,2,4,4,4,4
"1_29557144",2,2,4,4,4,4
"1_29642688",2,2,4,4,4,4
"1_32050631",2,2,4,4,4,4
"1_32620110",2,2,4,4,4,4
"1_32829447",2,2,4,4,4,4
"1_39799837",2,2,4,4,4,4
"1_44468732",2,2,4,4,4,4
"1_44878343",2,2,4,4,4,4
"1_45269268",2,2,4,4,4,4
"1_45272020",2,2,4,4,4,4
"1_45879545",2,2,4,4,4,4
"1_46089625",2,2,4,4,4,4
"1_47015453",2,2,4,4,4,4
"1_52827351",2,2,4,4,4,4
"1_53279193",2,2,4,4,4,4
"1_53732041",2,2,4,4,4,4
"1_55139381",2,2,4,4,4,4
"1_55318022",2,2,4,4,4,4
"1_57158312",2,2,4,4,4,4
"1_59147614",2,2,4,4,4,4
"1_66732229",2,2,4,4,4,4
"1_74929214",2,2,2,2,2,2
"1_89599115",2,2,2,2,2,2
"1_94982784",2,2,2,2,2,2
"1_103435624",2,2,4,2,4,4
"1_110563565",2,2,4,4,4,4
"1_110884063",2,2,4,4,4,4
"1_111983831",2,2,4,4,4,4
"1_113119821",2,2,4,4,4,4
"1_114354616",2,2,4,4,4,4
"1_117113602",2,2,4,4,4,4
"1_117284548",2,2,4,4,4,4
"1_117637045",2,2,4,4,4,4
"1_120612154",2,2,4,4,4,4
"1_142621177",2,2,4,4,4,4
"1_145281218",2,2,4,4,4,4
"1_145528002",2,2,4,4,4,4
"1_148025844",2,2,4,4,4,4
"1_149908625",2,2,4,4,4,4
"1_150967779",2,2,4,4,4,4
"1_151640894",2,2,4,4,4,4
"1_153964149",2,2,4,4,4,4
"1_154145408",2,2,4,4,4,4
"1_155218008",2,2,4,4,4,4
"1_155733244",2,2,4,4,4,4
"1_156255630",2,2,4,4,4,4
"1_156643398",2,2,4,4,4,4
"1_157665132",2,2,4,4,4,4
"1_158059397",2,2,4,4,4,4
"1_158815850",2,2,4,4,4,4
"1_158986334",2,2,4,4,4,4
"1_158990319",2,2,4,4,4,4
"1_161188660",2,2,4,4,4,4
"1_161483579",2,2,4,4,4,4
"1_166944321",2,2,4,4,4,4
"1_171130590",2,2,4,4,4,4
"1_176681165",2,2,4,4,4,4
"1_179033772",2,2,4,4,4,4
"1_182635996",2,2,4,4,4,4
"1_204435976",2,2,4,4,4,4
"1_215749406",2,2,4,4,4,4
"1_222835669",2,2,4,4,4,4
"1_223176503",2,2,4,4,4,4
"1_226109105",2,2,4,4,4,4
"1_227288838",2,2,4,4,4,4
"1_228333781",2,2,4,4,4,4
"1_231299470",2,2,4,4,4,4
"1_233388087",2,2,4,4,4,4
"1_235971837",2,2,4,4,4,4
"1_236722478",2,2,4,4,4,4
"1_236912462",2,2,4,4,4,4
"1_238053226",2,2,4,4,4,4
"2_3743405",2,2,4,4,4,4
"2_10937891",2,2,4,4,4,4
"2_20454511",2,2,4,4,4,4
"2_24240312",2,2,4,4,4,4
"2_26693553",2,2,4,4,4,4
"2_27324370",2,2,4,4,4,4
"2_27851231",2,2,4,4,4,4
"2_32264242",2,2,4,4,4,4
"2_36583859",2,2,4,4,4,4
"2_37036076",2,2,4,4,4,4
"2_38829612",2,2,4,4,4,4
"2_39251078",2,2,4,4,4,4
"2_39536669",2,2,4,4,4,4
"2_44553910",2,2,4,4,4,4
"2_54080520",2,2,4,4,4,4
"2_54146387",2,2,4,4,4,4
"2_55461985",2,2,4,4,4,4
"2_70528058",2,2,4,4,4,4
"2_70528065",2,2,4,4,4,4
"2_70528071",2,2,4,4,4,4
"2_70528092",2,2,4,4,4,4
"2_70528095",2,2,4,4,4,4
"2_74654699",2,2,4,4,4,4
"2_85663580",2,2,4,4,4,4
"2_85807021",2,2,4,4,4,4
"2_86254587",2,2,4,4,4,4
"2_88879192",2,2,4,4,4,4
"2_95528039",2,2,NA,4,4,4
"2_95770236",2,2,NA,4,4,4
"2_96688567",2,2,6,4,4,4
"2_102003761",2,2,6,4,4,4
"2_114429433",2,2,6,4,4,4
"2_116539831",2,2,6,4,4,4
"2_119726809",2,2,6,4,4,4
"2_119739786",2,2,6,4,4,4
"2_120709565",2,2,6,4,4,4
"2_127821702",2,2,6,4,4,4
"2_128624314",2,2,6,4,4,4
"2_128941513",2,2,6,4,4,4
"2_131026443",2,2,6,4,4,4
"2_147773350",2,2,6,4,4,4
"2_150443615",2,2,6,4,4,4
"2_171702641",2,2,6,4,4,4
"2_172216952",2,2,6,4,4,4
"2_173423275",2,2,6,4,4,4
"2_177016383",2,2,6,4,4,4
"2_179422677",2,2,6,4,4,4
"2_179621287",2,2,6,4,4,4
"2_179986453",2,2,6,4,4,4
"2_183597061",2,2,6,4,4,4
"2_190611280",2,2,6,4,4,4
"2_190647231",2,2,6,4,4,4
"2_190647234",2,2,6,4,4,4
"2_202965203",2,2,6,4,4,4
"2_203332345",2,2,6,4,4,4
"2_208576711",2,2,6,4,4,4
"2_214261448",2,2,6,4,4,4
"2_216300233",2,2,6,4,4,4
"2_217528577",2,2,6,4,4,4
"2_218577819",2,2,6,4,4,4
"2_219117574",2,2,6,4,4,4
"2_219294047",2,2,6,4,4,4
"2_220250275",2,2,6,4,4,4
"2_220342270",2,2,6,4,4,4
"2_232327312",2,2,6,4,4,4
"2_233273126",2,2,6,4,4,4
"2_234365516",2,2,6,4,4,4
"2_242800993",2,2,6,4,4,4
"3_2968876",2,2,4,4,4,4
"3_9880952",2,2,4,4,4,4
"3_12610667",2,2,4,4,4,4
"3_12829786",2,2,4,4,4,4
"3_12829835",2,2,4,4,4,4
"3_18391132",2,2,4,4,4,4
"3_25705768",2,2,4,4,4,4
"3_32192931",2,2,4,4,4,4
"3_33134575",2,2,4,4,4,4
"3_37574951",2,2,4,4,4,4
"3_37860302",2,2,4,4,4,4
"3_38802145",2,2,4,4,4,4
"3_39152595",2,2,4,4,4,4
"3_42679915",2,2,4,4,4,4
"3_43078760",2,2,4,4,4,4
"3_45127608",2,2,4,4,4,4
"3_45677634",2,2,4,4,4,4
"3_46940054",2,2,4,4,4,4
"3_49722397",2,2,4,4,4,4
"3_49723379",2,2,4,4,4,4
"3_49723399",2,2,4,4,4,4
"3_50036867",2,2,4,4,4,4
"3_50036892",2,2,4,4,4,4
"3_53855667",2,2,4,4,4,4
"3_78766928",2,2,4,4,4,4
"3_78766930",2,2,4,4,4,4
"3_93624841",2,2,4,4,4,4
"3_101133634",2,2,4,4,4,4
"3_108724144",2,2,4,4,4,4
"3_111794349",2,2,4,4,4,4
"3_113000051",2,2,4,4,4,4
"3_126708466",2,2,4,4,4,4
"3_130122552",2,2,4,4,4,4
"3_133524629",2,2,4,4,4,4
"3_140401687",2,2,4,4,4,4
"3_142895898",2,2,4,4,4,4
"3_147131382",2,2,4,4,4,4
"3_150514352",2,2,4,4,4,4
"3_155232562",2,2,4,4,4,4
"3_156866134",2,2,4,4,4,4
"3_157820718",2,2,4,4,4,4
"3_159482271",2,2,4,4,4,4
"3_170078494",2,2,4,8,4,19
"3_171406721",2,2,4,8,4,5
"3_181430622",2,3,NA,NA,NA,NA
"3_182858198",2,3,77,55,76,26
"3_183905640",2,NA,4,55,76,26
"3_194344362",2,2,4,4,4,4
"3_195711423",2,2,4,4,4,4
"3_196753531",2,2,4,4,4,4
"3_197020744",2,2,4,4,4,4
"4_959867",2,2,4,4,4,4
"4_3131672",2,2,4,4,4,4
"4_3201405",2,2,4,4,4,4
"4_5853606",2,2,4,4,4,4
"4_8869396",2,2,4,4,4,4
"4_13627967",2,2,4,4,4,4
"4_16587395",2,2,4,4,4,4
"4_36283583",2,2,4,4,4,4
"4_40440724",2,2,4,4,4,4
"4_43022215",2,2,4,4,4,4
"4_46263837",2,2,4,4,4,4
"4_49019255",2,2,4,4,4,4
"4_49235914",2,2,4,4,4,4
"4_66218917",2,2,4,4,4,4
"4_74903923",2,2,4,4,4,4
"4_77283520",2,2,4,4,4,4
"4_79792136",2,2,4,4,4,4
"4_85765777",2,2,4,4,4,4
"4_92195723",2,2,4,4,4,4
"4_100738275",2,2,4,4,4,4
"4_103611951",2,2,4,4,4,4
"4_113333769",2,2,4,4,4,4
"4_113747882",2,2,4,4,4,4
"4_121631361",2,2,4,4,4,4
"4_124011694",2,2,4,4,4,4
"4_125631750",2,2,4,4,4,4
"4_128748719",2,2,4,4,4,4
"4_141564640",2,2,4,4,4,4
"4_146617959",2,2,4,4,4,4
"4_148574961",2,2,4,4,4,4
"4_170987541",2,2,4,4,4,4
"4_185620822",2,2,4,4,4,4
"4_185705023",2,2,4,4,4,4
"4_187070703",2,2,4,4,4,4
"4_187530249",2,2,4,4,4,4
"4_188924640",2,2,4,4,4,4
"5_13885152",2,2,4,4,4,4
"5_19473643",2,2,4,4,4,4
"5_34950333",2,2,4,4,4,4
"5_35759683",2,2,4,4,4,4
"5_36679816",2,2,4,4,4,4
"5_64629853",2,2,4,4,4,4
"5_68309890",2,2,4,4,4,4
"5_71631557",2,2,4,4,4,4
"5_76649245",2,2,4,4,4,4
"5_95158283",2,2,4,4,4,4
"5_95234419",2,2,4,4,4,4
"5_107560112",2,2,4,4,4,4
"5_112419785",2,2,4,4,4,4
"5_118867134",2,2,4,4,4,4
"5_127645715",2,2,4,4,4,4
"5_128301957",2,2,4,4,4,4
"5_131995491",2,2,4,4,4,4
"5_132652467",2,2,4,4,4,4
"5_140048848",2,2,4,4,4,4
"5_140530044",2,2,4,4,4,4
"5_140603242",2,2,4,4,4,4
"5_140866594",2,2,4,4,4,4
"5_140953549",2,2,4,4,4,4
"5_142434172",2,2,4,4,4,4
"5_147516643",2,2,4,4,4,4
"5_149265772",2,2,4,4,4,4
"5_149274831",2,2,4,4,4,4
"5_151043578",2,2,4,4,4,4
"5_151052631",2,2,4,4,4,4
"5_154872996",2,2,4,4,4,4
"5_160097490",2,2,4,4,4,4
"5_167990931",2,2,4,4,4,4
"5_171766493",2,2,4,4,4,4
"5_175956738",2,2,4,4,4,4
"5_176637187",2,2,4,4,4,4
"5_176915060",2,2,4,4,4,4
"5_176942028",2,2,4,4,4,4
"5_179048137",2,2,4,4,4,4
"5_179142825",2,2,4,4,4,4
"5_180041292",2,2,4,4,4,4
"5_180375296",2,2,4,4,4,4
"5_180375306",2,2,4,4,4,4
"6_348789",2,2,4,2,4,4
"6_10647159",2,2,4,2,4,4
"6_17772270",2,2,4,2,4,4
"6_26428766",2,2,4,2,4,4
"6_28268690",2,2,4,2,4,4
"6_28358276",2,2,4,2,4,4
"6_28402827",2,2,4,2,4,4
"6_29855917",2,2,4,2,4,4
"6_29855919",2,2,4,2,4,4
"6_29855967",2,2,4,2,4,4
"6_29855999",2,2,4,2,4,4
"6_29856798",2,2,4,2,4,4
"6_31134003",2,2,4,2,4,4
"6_31324176",2,2,4,2,4,4
"6_31617091",2,2,4,2,4,4
"6_32549241",3,2,4,2,4,4
"6_32549243",3,2,4,2,4,4
"6_32630047",2,2,4,2,4,4
"6_32790099",2,2,4,2,4,4
"6_33246332",2,2,4,2,4,4
"6_33382966",2,2,4,2,4,4
"6_33646486",2,2,4,2,4,4
"6_34003954",2,2,4,2,4,4
"6_35213610",2,2,4,2,4,4
"6_36645780",2,2,4,2,4,4
"6_36946015",2,2,4,2,4,4
"6_37421087",2,2,4,2,4,4
"6_39522224",2,2,4,2,4,4
"6_42071355",2,2,4,2,4,4
"6_42933237",2,2,4,2,4,4
"6_43024229",2,2,4,2,4,4
"6_43146629",2,2,4,2,4,4
"6_43170873",2,2,4,2,4,4
"6_51640641",2,2,4,2,4,4
"6_52858827",2,2,4,2,4,4
"6_52993152",2,2,4,2,4,4
"6_56489322",2,2,4,2,4,4
"6_56882145",2,2,4,2,4,4
"6_86267634",2,2,4,2,4,4
"6_87970584",2,2,4,2,4,4
"6_90450174",2,2,4,2,4,4
"6_107956279",2,2,4,2,4,4
"6_110567239",2,2,4,2,4,4
"6_124979323",2,2,4,2,4,4
"6_135518465",2,2,4,2,4,4
"6_139210071",2,2,4,2,4,4
"6_144872272",2,2,4,2,4,4
"6_149394978",2,2,4,2,4,4
"6_155131173",2,2,4,2,4,4
"6_159031477",2,2,4,2,4,4
"6_161575331",2,2,4,2,4,4
"6_165832109",2,2,4,2,4,4
"6_169632820",2,2,4,2,4,4
"7_2420174",2,2,4,6,6,6
"7_7414839",2,2,4,6,6,6
"7_16737901",2,2,6,6,6,6
"7_25182546",2,2,6,6,6,6
"7_30465314",2,2,6,6,6,6
"7_30465344",2,2,6,6,6,6
"7_31009342",2,2,6,6,6,6
"7_32772477",2,2,5,6,6,6
"7_37625337",2,2,5,6,6,6
"7_43503335",2,2,5,6,6,6
"7_44179086",2,2,6,6,6,6
"7_45007421",2,2,6,6,6,6
"7_55239048",2,4,118,129,53,73
"7_55878813",2,2,5,129,NA,73
"7_56130582",2,2,5,6,13,6
"7_70246587",2,2,5,6,6,6
"7_84647396",2,2,5,6,6,6
"7_94993468",2,2,5,6,6,6
"7_95447788",2,2,5,6,6,6
"7_95848918",2,2,5,6,6,6
"7_98560135",2,2,5,6,6,6
"7_99042334",2,2,5,6,6,6
"7_99128679",2,2,5,6,6,6
"7_99367529",2,2,5,6,6,6
"7_99689200",2,2,5,6,6,6
"7_101459322",2,2,5,6,6,6
"7_101813846",2,2,5,6,6,6
"7_102114206",2,2,5,6,6,6
"7_105029129",2,2,5,6,6,6
"7_116395510",2,2,5,6,6,6
"7_116544321",2,2,5,6,6,6
"7_117062156",2,2,5,6,6,6
"7_128210643",2,2,5,6,6,6
"7_130003539",2,2,6,6,6,6
"7_133164875",2,2,6,6,6,6
"7_133812189",2,2,6,6,6,6
"7_136700408",2,2,6,6,6,6
"7_138528983",2,2,6,6,6,6
"7_140394384",2,2,6,6,6,6
"7_142124387",2,2,6,6,6,6
"7_142124389",2,2,6,6,6,6
"7_142750116",2,2,6,6,6,6
"7_150768552",2,2,6,6,6,6
"7_151882735",2,2,6,6,6,6
"7_152497505",2,2,6,6,6,6
"7_157462290",2,2,6,6,6,6
"8_2065594",2,2,4,4,4,4
"8_16850427",2,2,4,4,4,4
"8_17163141",2,2,4,4,4,4
"8_20082778",2,2,4,4,4,4
"8_22424116",2,2,4,4,4,4
"8_28692972",2,2,4,4,4,4
"8_32453388",2,2,4,4,4,4
"8_37555933",2,2,4,4,4,4
"8_37623879",2,2,4,4,4,4
"8_38801586",2,2,4,4,4,4
"8_43155706",2,2,4,4,4,4
"8_43159877",2,2,4,4,4,4
"8_53126756",2,2,4,4,4,4
"8_61777903",2,2,4,4,4,4
"8_72183919",2,2,4,4,4,4
"8_86386051",2,2,4,4,4,4
"8_101271393",2,2,4,4,4,4
"8_101932916",2,2,4,4,4,4
"8_103840657",2,2,4,4,4,4
"8_105456840",2,2,4,4,4,4
"8_117864364",2,2,4,4,4,4
"8_125058022",2,2,4,4,4,4
"8_133590523",2,2,4,4,4,4
"8_142185372",2,2,4,4,4,4
"8_144522378",2,2,4,4,4,4
"8_144808396",2,2,4,4,4,4
"8_144899050",2,2,4,4,4,4
"8_145165088",2,2,4,4,4,4
"8_145746121",2,2,4,4,4,4
"9_14746410",2,2,4,4,4,4
"9_16436648",2,2,4,4,4,4
"9_30671746",2,2,4,4,4,4
"9_37486214",2,2,4,4,4,4
"9_37888083",2,2,4,4,4,4
"9_45372257",2,2,4,4,NA,NA
"9_74360931",2,2,4,4,4,4
"9_80765888",2,2,4,4,4,4
"9_86284148",2,2,4,4,4,4
"9_86905241",2,2,4,4,4,4
"9_95081431",2,2,2,4,4,4
"9_96222035",2,2,2,4,4,4
"9_97209106",2,2,2,4,4,4
"9_100353561",2,2,2,4,4,4
"9_101530465",2,2,2,4,4,4
"9_103092488",2,2,2,4,4,4
"9_111775550",2,2,2,4,4,4
"9_117848170",2,2,2,4,4,4
"9_123583792",2,2,2,4,4,4
"9_124794148",2,2,2,4,4,4
"9_127288995",2,2,2,4,4,4
"9_131750190",2,2,2,4,4,4
"9_133355846",2,2,2,4,4,4
"9_133506224",2,2,2,4,4,4
"9_136654294",2,2,2,4,4,4
"9_136654495",2,2,2,4,4,4
"9_137314212",2,2,2,4,4,4
"9_137979199",2,2,2,4,4,4
"9_139405052",2,2,2,4,4,4
"9_139998602",2,2,2,4,4,4
"9_140100336",2,2,2,4,4,4
"9_140786416",2,2,2,4,4,4
"9_141070111",2,2,2,4,4,4
"10_435904",2,2,2,2,2,2
"10_14013797",2,2,2,2,2,2
"10_15060041",2,2,2,2,2,2
"10_19641056",2,2,2,2,2,2
"10_22831050",2,2,2,2,2,2
"10_22896735",2,2,2,2,2,2
"10_26512638",2,2,2,2,3,3
"10_29578180",2,2,2,2,2,2
"10_32143124",2,2,2,2,2,2
"10_37233272",2,2,2,2,2,2
"10_37441051",2,2,2,2,2,2
"10_51786531",2,2,4,2,3,3
"10_70998699",2,2,2,2,2,2
"10_81146166",2,2,2,2,2,2
"10_88423773",2,2,2,2,1,2
"10_104182599",2,2,2,2,2,2
"10_111651598",2,2,2,2,2,2
"10_124711351",2,2,2,2,2,2
"10_125804184",2,2,2,2,2,2
"10_127409714",2,2,2,2,2,2
"10_127738280",2,2,2,2,2,2
"10_135012124",2,2,2,2,2,2
"11_611763",2,2,3,2,3,3
"11_794356",2,2,3,2,3,3
"11_1016889",2,2,3,2,3,3
"11_3049034",2,2,3,2,3,3
"11_3049104",2,2,3,2,3,3
"11_3723559",2,2,3,2,3,3
"11_4935883",2,2,3,2,3,3
"11_5655212",2,2,3,2,3,3
"11_6624677",2,2,3,2,3,3
"11_13378314",2,2,3,2,3,3
"11_17803167",2,2,3,2,3,3
"11_33369709",2,2,3,2,3,3
"11_34176172",2,2,3,2,3,3
"11_35161161",2,2,3,2,3,3
"11_45955788",2,2,3,2,3,3
"11_47689400",2,2,3,2,3,3
"11_49911096",2,2,3,2,3,3
"11_55872750",2,2,3,2,3,3
"11_57155308",2,2,3,2,3,3
"11_58645665",2,2,3,2,3,3
"11_61487739",2,2,3,2,3,3
"11_61730352",2,2,3,2,3,3
"11_62284507",2,2,3,2,3,3
"11_62363676",2,2,3,2,3,3
"11_62378906",2,2,3,2,3,3
"11_62651814",2,2,3,2,3,3
"11_63398722",2,2,3,2,3,3
"11_64003702",2,2,3,2,3,3
"11_64084816",2,2,3,2,3,3
"11_64374729",2,2,3,2,3,3
"11_64536960",2,2,3,2,3,3
"11_64884488",2,2,3,2,3,3
"11_66003058",2,2,3,2,3,3
"11_67047249",2,2,3,2,3,3
"11_67048335",2,2,3,2,3,3
"11_67206380",2,2,3,2,3,3
"11_71616317",2,2,3,2,3,3
"11_72297060",2,2,3,2,3,3
"11_73748023",2,2,3,2,3,3
"11_74208457",2,2,3,2,3,3
"11_74208458",2,2,3,2,3,3
"11_74208466",2,2,3,2,3,3
"11_74208475",2,2,3,2,3,3
"11_74208478",2,2,3,2,3,3
"11_74208494",2,2,3,2,3,3
"11_84245768",2,2,3,2,3,3
"11_92526007",2,2,3,2,3,3
"11_95825952",2,2,3,2,3,3
"11_104941656",2,2,3,2,3,3
"11_110007550",2,2,3,2,3,3
"11_113230773",2,2,3,2,3,3
"11_115375428",2,2,3,2,3,3
"11_117166319",2,2,3,2,3,3
"11_117695484",2,2,3,2,3,3
"11_118779298",2,2,3,2,3,3
"11_118972379",2,2,3,2,3,3
"11_118978710",2,2,3,2,3,3
"11_132182592",2,2,3,2,3,3
"12_92920",NA,NA,NA,NA,NA,NA
"12_6658790",2,2,4,4,4,4
"12_6665124",2,2,4,4,4,4
"12_6970235",2,2,4,4,4,4
"12_16510480",2,2,4,4,4,4
"12_23998866",2,2,4,4,4,4
"12_26493114",2,2,4,4,4,4
"12_31080039",2,2,4,4,4,4
"12_41582410",2,2,4,4,4,4
"12_45307769",2,2,4,4,4,4
"12_49212776",2,2,4,4,4,4
"12_49416163",2,2,4,4,4,4
"12_49449138",2,2,4,4,4,4
"12_49495415",2,2,4,4,4,4
"12_50388086",2,2,4,4,4,4
"12_50531606",2,2,4,4,4,4
"12_51796889",2,2,4,4,4,4
"12_52940129",2,2,4,4,4,4
"12_53572189",2,2,4,4,4,4
"12_53911146",2,2,4,4,4,4
"12_54520006",2,2,4,4,4,4
"12_55509690",2,2,4,4,4,4
"12_57081661",2,2,4,4,4,4
"12_57932079",2,2,4,4,4,4
"12_58176655",2,2,4,4,4,4
"12_59268269",2,2,4,4,4,4
"12_59280703",2,2,4,4,4,4
"12_62789933",2,2,4,4,4,4
"12_64882342",2,2,4,4,4,4
"12_65150615",2,2,4,4,4,4
"12_68674498",2,2,4,4,4,4
"12_68707576",2,2,4,4,4,4
"12_80199498",2,2,4,4,4,4
"12_80660451",2,2,4,4,4,4
"12_91497960",2,2,4,4,4,4
"12_101551853",2,2,4,4,4,4
"12_103352250",2,2,4,4,4,4
"12_106410197",2,2,4,4,4,4
"12_106410273",2,2,4,4,4,4
"12_111162261",2,2,4,4,4,4
"12_111747809",2,2,4,4,4,4
"12_116095590",2,2,4,4,4,4
"12_120584872",2,2,4,4,4,4
"12_122211483",2,2,4,4,4,4
"12_123346356",2,2,4,4,4,4
"12_124233480",2,2,4,4,4,4
"12_124421668",2,2,4,4,4,4
"12_124839492",2,2,4,4,4,4
"12_125470894",2,2,4,4,4,4
"12_133306964",2,2,4,4,4,4
"13_19775791",2,2,4,4,4,4
"13_24167435",2,2,4,4,4,4
"13_25161551",2,2,4,4,4,4
"13_31729725",2,2,4,4,4,4
"13_32753874",2,2,4,4,4,4
"13_33712907",2,2,4,4,4,4
"13_76445382",2,2,4,4,4,4
"13_102366873",2,2,4,4,4,4
"13_110828951",2,2,4,4,4,4
"13_111535977",2,2,4,4,4,4
"13_114897819",2,2,4,4,4,4
"14_20843877",2,2,4,4,4,4
"14_21562599",2,2,4,4,4,4
"14_21813348",2,2,4,4,4,4
"14_22070700",2,2,4,4,4,4
"14_24523695",2,2,4,4,4,4
"14_24551728",2,2,4,4,4,4
"14_24608553",2,2,4,4,4,4
"14_24651096",2,2,4,4,4,4
"14_24711300",2,2,4,4,4,4
"14_30105557",2,2,4,4,4,4
"14_36003573",2,2,4,4,4,4
"14_50605411",2,2,4,4,4,4
"14_53417277",2,2,4,4,4,4
"14_58176028",2,2,4,4,4,4
"14_60433966",2,2,4,4,4,4
"14_64488485",2,2,4,4,4,4
"14_65236392",2,2,4,4,4,4
"14_67567752",2,2,4,4,4,4
"14_69861550",2,2,4,4,4,4
"14_71206758",2,2,4,4,4,4
"14_74364778",2,2,4,4,4,4
"14_76231058",2,2,4,4,4,4
"14_77580061",2,2,4,4,4,4
"14_91124814",2,2,4,4,4,4
"14_91773453",2,2,4,4,4,4
"14_92278633",2,2,4,4,4,4
"14_94395437",2,2,4,4,4,4
"14_94567114",2,2,4,4,4,4
"14_95192786",2,2,4,4,4,4
"14_100595198",2,2,4,4,4,4
"14_104229411",2,2,4,4,4,4
"14_106174767",2,2,4,4,4,4
"14_106653286",2,2,4,4,4,4
"14_107218474",NA,NA,NA,NA,NA,NA
"15_20459518",2,2,2,4,4,4
"15_24921835",2,2,4,4,4,4
"15_28924731",2,2,4,4,4,4
"15_30064396",2,2,4,4,4,4
"15_33926931",2,2,4,4,4,4
"15_33954527",2,2,4,4,4,4
"15_35155299",2,2,4,4,4,4
"15_40265710",2,2,4,4,4,4
"15_40331324",2,2,4,4,4,4
"15_40586474",2,2,4,4,4,4
"15_40596147",2,2,4,4,4,4
"15_42105316",2,2,4,4,4,4
"15_42168854",2,2,4,4,4,4
"15_43104115",2,2,4,4,4,4
"15_43109127",2,2,4,4,4,4
"15_43308123",2,2,4,4,4,4
"15_44740411",2,2,4,4,4,4
"15_45077177",2,2,4,4,4,4
"15_45390246",2,2,4,4,4,4
"15_48452028",2,2,4,4,4,4
"15_48748665",2,2,4,4,4,4
"15_51766596",2,2,4,4,4,4
"15_58723758",2,2,4,4,4,4
"15_59359324",2,2,4,4,4,4
"15_59750794",2,2,4,4,4,4
"15_64039881",2,2,4,4,4,4
"15_68378963",2,2,4,4,4,4
"15_68624721",2,2,4,4,4,4
"15_69007635",2,2,4,4,4,4
"15_70960116",2,2,4,4,4,4
"15_74032740",2,2,4,4,4,4
"15_75968326",2,2,4,4,4,4
"15_76426617",2,2,4,4,4,4
"15_77300226",2,2,4,4,4,4
"15_77308267",2,2,4,4,4,4
"15_77345149",2,2,4,4,4,4
"15_88678633",2,2,4,4,4,4
"15_89414740",2,2,4,4,4,4
"15_89744624",2,2,4,4,4,4
"15_89868864",2,2,4,4,4,4
"15_91304001",2,2,4,4,4,4
"16_396534",2,2,3,4,3,4
"16_778991",2,2,3,4,3,4
"16_839037",2,2,3,4,3,4
"16_960983",2,2,3,4,3,4
"16_1251887",2,2,3,4,3,4
"16_3592134",2,2,3,4,3,4
"16_3656523",2,2,3,4,3,4
"16_4164396",2,2,3,4,3,4
"16_4625235",2,2,3,4,3,4
"16_4625349",2,2,3,4,3,4
"16_4702649",2,2,3,4,3,4
"16_4748181",2,2,3,4,3,4
"16_16108441",2,2,3,4,3,4
"16_17190315",2,2,3,4,3,4
"16_25139770",2,2,3,4,3,4
"16_25139827",2,2,3,4,3,4
"16_28116019",2,2,3,4,3,4
"16_28986547",2,2,3,4,3,4
"16_31131659",2,2,3,4,3,4
"16_31391216",2,2,3,4,3,4
"16_33544231",2,2,3,4,3,4
"16_33613335",2,2,NA,4,3,4
"16_48164875",2,2,3,4,3,4
"16_61823184",2,2,3,4,3,4
"16_67861867",2,2,3,4,3,4
"16_67910075",2,2,3,4,3,4
"16_71423614",2,2,3,4,3,4
"16_71997150",2,2,3,4,3,4
"16_87938440",2,2,3,4,3,4
"16_89357700",2,2,3,4,3,4
"16_89836333",2,2,3,4,3,4
"17_1371729",2,2,4,4,4,4
"17_1559726",2,2,4,4,4,4
"17_5284794",2,2,4,4,4,4
"17_7111587",2,2,4,4,4,4
"17_7297301",2,2,4,4,4,4
"17_7483085",2,2,4,4,4,4
"17_8350146",2,2,4,4,4,4
"17_8701130",2,2,4,4,4,4
"17_9590189",2,2,4,4,4,4
"17_9632313",2,2,4,4,4,4
"17_13400053",2,2,4,4,4,4
"17_14683462",2,2,4,4,4,4
"17_17039561",2,2,4,4,4,4
"17_20224931",2,2,4,4,4,4
"17_20493722",2,2,4,4,4,4
"17_26699539",2,2,4,4,4,4
"17_27248579",2,2,4,4,4,4
"17_27443631",2,2,4,4,4,4
"17_27942963",2,2,4,4,4,4
"17_28964140",2,2,4,4,4,4
"17_30700445",2,2,4,4,4,4
"17_33689795",2,2,4,4,4,4
"17_35591849",2,2,4,4,4,4
"17_36971962",2,2,4,4,4,4
"17_37009092",2,2,4,4,4,4
"17_37791879",2,2,4,4,4,4
"17_38787296",2,2,4,4,4,4
"17_39262092",2,2,4,4,4,4
"17_41132987",2,2,4,4,4,4
"17_41878973",2,2,4,4,4,4
"17_41981732",2,2,4,4,4,4
"17_42552364",2,2,4,4,4,4
"17_47904327",2,2,4,4,4,4
"17_48227102",2,2,4,4,4,4
"17_48941060",2,2,4,4,4,4
"17_54305259",2,2,4,4,4,4
"17_55062896",2,2,4,4,4,4
"17_56233141",2,2,4,4,4,4
"17_56233328",2,2,4,4,4,4
"17_57124976",2,2,4,4,4,4
"17_58678127",2,2,4,4,4,4
"17_61489438",2,2,4,4,4,4
"17_61908000",2,2,4,4,4,4
"17_62133220",2,2,4,4,4,4
"17_62892835",2,2,4,4,4,4
"17_70645137",2,2,4,4,4,4
"17_72584909",2,2,4,4,4,4
"17_72725268",2,2,4,4,4,4
"17_73231737",2,2,4,4,4,4
"17_74277925",2,2,4,4,4,4
"17_74684768",2,2,4,4,4,4
"17_75495658",2,2,4,4,4,4
"17_76104377",2,2,4,4,4,4
"17_76795148",2,2,4,4,4,4
"17_77755696",2,2,4,4,4,4
"17_77768995",2,2,4,4,4,4
"17_78039828",2,2,4,4,4,4
"17_78354767",2,2,4,4,4,4
"17_79059405",2,2,4,4,4,4
"18_3456453",2,2,4,4,4,4
"18_9845656",2,2,4,4,4,4
"18_11609837",2,2,4,4,4,4
"18_12884010",2,2,4,4,4,4
"18_14124481",2,2,4,4,4,4
"18_14124488",2,2,4,4,4,4
"18_14760744",2,2,4,4,4,4
"18_14830041",2,2,4,4,4,4
"18_15323415",2,2,4,4,4,4
"18_19239423",2,2,4,4,4,4
"18_21594913",2,2,4,4,4,4
"18_23637602",2,2,4,4,4,4
"18_32418587",2,2,4,4,4,4
"18_32438496",2,2,4,4,4,4
"18_34647449",2,2,4,4,4,4
"18_39584424",2,2,4,4,4,4
"18_46190273",2,2,4,4,4,4
"18_47108599",2,2,4,4,4,4
"18_60795696",2,2,4,4,4,4
"18_72344486",2,2,4,4,4,4
"19_312020",NA,NA,NA,NA,NA,NA
"19_623005",2,2,2,4,3,4
"19_932713",2,2,2,4,3,4
"19_1469008",2,2,2,4,3,4
"19_1978268",2,2,2,4,3,4
"19_2416693",2,2,2,4,3,4
"19_4323282",2,2,2,4,3,4
"19_4354013",2,2,2,4,3,4
"19_5114038",2,2,2,4,3,4
"19_6227161",2,2,2,4,3,4
"19_10205491",2,2,2,4,3,4
"19_10883241",2,2,2,4,3,4
"19_11032535",2,2,2,4,3,4
"19_11039671",2,2,2,4,3,4
"19_11312580",2,2,2,4,3,4
"19_12297500",2,2,2,4,3,4
"19_13063550",2,2,2,4,3,4
"19_13183911",2,2,2,4,3,4
"19_14001418",2,2,2,4,3,4
"19_14288476",2,2,2,4,3,4
"19_14301982",2,2,2,4,3,4
"19_15466033",2,2,2,4,3,4
"19_15539093",2,2,2,4,3,4
"19_16539672",2,2,2,4,3,4
"19_17435440",2,2,2,4,3,4
"19_18054624",2,2,2,4,3,4
"19_19162870",2,2,2,4,3,4
"19_29478326",2,2,2,4,3,4
"19_38376636",2,2,2,4,3,4
"19_38876925",2,2,2,4,3,4
"19_41211356",2,2,2,4,3,4
"19_41712159",2,2,2,4,3,4
"19_42462839",2,2,2,4,3,4
"19_43420765",2,2,2,4,3,4
"19_43783108",2,2,2,4,3,4
"19_43783125",2,2,2,4,3,4
"19_43783253",2,2,2,4,3,4
"19_44050256",2,2,2,4,3,4
"19_45923689",2,2,2,4,3,4
"19_46274433",2,2,2,4,3,4
"19_46319753",2,2,2,4,3,4
"19_49422414",2,2,2,4,3,4
"19_49931932",2,2,2,4,3,4
"19_50366898",2,2,2,4,3,4
"19_53761868",2,2,2,4,3,4
"19_54502771",2,2,2,4,3,4
"19_54627186",2,2,2,4,3,4
"19_54723995",2,2,2,4,3,4
"19_54724006",2,2,2,4,3,4
"19_55752353",2,2,2,4,3,4
"19_58231945",2,2,2,4,3,4
"20_307326",2,2,4,4,4,4
"20_2639018",2,2,4,4,4,4
"20_6012645",2,2,4,4,4,4
"20_18434475",2,2,4,4,4,4
"20_29612944",2,2,4,4,4,4
"20_31022474",2,2,4,4,4,4
"20_31196085",2,2,4,4,4,4
"20_32333008",2,2,4,4,4,4
"20_34092654",2,2,4,4,4,4
"20_35444379",2,2,4,4,4,4
"20_42972083",2,2,4,4,4,4
"20_44045042",2,2,4,4,4,4
"20_46281543",2,2,4,4,4,4
"20_60886090",2,2,4,4,4,4
"20_61541300",2,2,4,4,4,4
"20_62593928",2,2,4,4,4,4
"21_10597048",2,2,4,NA,4,4
"21_10597053",2,2,4,NA,4,4
"21_10914250",2,2,4,4,4,4
"21_11026995",2,2,4,4,4,4
"21_11098616",2,2,4,4,4,4
"21_11178644",2,2,4,4,4,4
"21_11181740",2,2,4,4,4,4
"21_34166740",2,2,4,4,4,4
"21_34963373",2,2,4,4,4,4
"21_41384939",2,2,4,4,4,4
"21_43693584",2,2,4,4,4,4
"21_43962548",2,2,4,4,4,4
"21_44185575",2,2,4,4,4,4
"21_44483197",2,2,4,4,4,4
"21_45725877",2,2,4,4,4,4
"21_46020542",2,2,4,4,4,4
"21_47952000",2,2,4,4,4,4
"22_20907597",2,2,3,4,4,4
"22_21336684",2,2,3,4,4,4
"22_24509527",2,2,3,4,4,4
"22_30116481",2,2,3,4,4,4
"22_37211420",2,2,3,4,4,4
"22_38010295",2,2,3,4,4,4
"22_38165428",2,2,3,4,4,4
"22_42524975",2,2,3,4,4,4
"22_43254431",2,2,3,4,4,4
"22_44064987",2,2,3,4,4,4
"22_46929788",2,2,3,4,4,4
"22_47108146",2,2,3,4,4,4
"22_50546556",2,2,3,4,4,4
"22_50726147",2,2,3,4,4,4
"X_2761203",NA,NA,NA,NA,NA,NA
"X_12735003",NA,NA,NA,NA,NA,NA
"X_41022095",NA,NA,NA,NA,NA,NA
"X_44922727",NA,NA,NA,NA,NA,NA
"X_47040652",NA,NA,NA,NA,NA,NA
"X_48372615",NA,NA,NA,NA,NA,NA
"X_50351134",NA,NA,NA,NA,NA,NA
"X_53113902",NA,NA,NA,NA,NA,NA
"X_65479908",NA,NA,NA,NA,NA,NA
"X_67937470",NA,NA,NA,NA,NA,NA
"X_71819534",NA,NA,NA,NA,NA,NA
"X_72433663",NA,NA,NA,NA,NA,NA
"X_100078317",NA,NA,NA,NA,NA,NA
"X_117904371",NA,NA,NA,NA,NA,NA
"X_119425053",NA,NA,NA,NA,NA,NA
"X_147062971",NA,NA,NA,NA,NA,NA
"X_148796164",NA,NA,NA,NA,NA,NA
"X_149638697",NA,NA,NA,NA,NA,NA
"X_153595664",NA,NA,NA,NA,NA,NA
"X_153741102",NA,NA,NA,NA,NA,NA
"Y_5441655",NA,NA,NA,NA,NA,NA
"Y_59026259",NA,NA,NA,NA,NA,NA
