"R11M_lib74150_3786_5","R11S_lib74151_3786_5","R11T_lib74152_3786_5","SP28M_lib74147_3786_6","SP28S_lib74148_3786_6","SP28T_lib74149_3786_5"
"1_2702646",0,0.786163522012579,1.27551020408163,0,0,1.12359550561798
"1_7826653",1.66197183098592,0.155078831739468,0.0583090379008746,4.51807228915663,8.38356164383562,0.0401284109149278
"1_9770690",2.45833333333333,0,0,13.8888888888889,6.65217391304348,0
"1_12942138",2.10714285714286,0.175515577007459,0.123685837971552,10.7142857142857,6.375,0
"1_16890486",1.4390243902439,0.0679925208227095,0,4.21348314606742,3.02970297029703,0.153917192550408
"1_16890487",2.13253012048193,0.0673854447439353,0,5.49450549450549,4.45631067961165,0.151837230488916
"1_16890500",2.45833333333333,0.142938822184105,0,6.00961538461539,9.07627118644068,0.146555935515388
"1_16892545",0,0.99304865938431,0.255102040816327,6.25,0,0
"1_16893508",0,0,0,0,45.9,0.214018191546281
"1_16910024",3.93333333333333,0,0.136054421768707,4.80769230769231,15.6923076923077,0.0977039570102589
"1_16972239",5.70967741935484,0.107816711590296,0.326530612244898,8.62068965517241,24.48,0
"1_17008503",0,0.457404230989137,0,6.75675675675676,19.125,0.0898876404494382
"1_17091039",0,0.365185636031649,0,7.14285714285714,3.47727272727273,0
"1_20419742",0,0.852099817407182,0.680272108843537,0,0,1.12359550561798
"1_22453732",0,0,0,0,24.1578947368421,0
"1_35854633",0,0.0975927130774236,0.216723857684667,0,0,0.269662921348315
"1_43008477",0,0,0,0,24.48,0
"1_46497340",4.37037037037037,0,0,0,13.5,0
"1_53925572",0,0.880503144654088,0.76530612244898,0,0,0.823970037453183
"1_55119616",0,1.00361300682457,0.958772770853308,0,0,1.01907499346747
"1_68523894",5.1304347826087,0.457404230989137,0.272108843537415,4.31034482758621,5.88461538461539,0
"1_77334276",1.25531914893617,0.10482180293501,0.094921689606075,8.72093023255814,0,0
"1_92498096",0,0.665926748057714,0.723327305605787,1.11607142857143,0.676991150442478,0.707865168539326
"1_104112576",0,0,0,18.5185185185185,0,0
"1_119433658",0,0.828347906120571,1.02040816326531,0,0,1.19850187265918
"1_142634897",14.4716981132075,0.486914181375533,0.696864111498258,52.2727272727273,46.4464285714286,0.764044943820225
"1_143283360",10.1142857142857,0.0898472596585804,0,4.16666666666667,13.5,0.182204676586699
"1_145354129",4.53846153846154,0.221975582685905,0.429645542427497,14.2857142857143,19.125,0.217470097861544
"1_150939353",4.78378378378378,0,0,0,0,0
"1_158986376",0,1.12187659357471,1.4100185528757,0,0,0.857175952739488
"1_161164134",0,0.943396226415094,0.844475721323012,0,9.5625,0.749063670411985
"1_162562641",0,0.471698113207547,0.173686495874946,0,0,0.244259892525647
"1_167051418",2.03448275862069,0,0,0,12.0789473684211,0
"1_168546068",0,0.134770889487871,0.113378684807256,0,0,0.306435137895812
"1_183093613",0,0.943396226415094,0.453514739229025,0,0,0.864304235090752
"1_214656697",21.0714285714286,0.164068908941756,0,26.0416666666667,13.9090909090909,0.421348314606742
"1_225460644",0,0.916945864926821,1.10957004160888,0,0,0.811485642946317
"1_228033606",0,1.1542730299667,0.862316757688991,0,0,0.927412163367219
"1_229156950",0,0,0.510204081632653,0,0,0.195407914020518
"1_244598940",3.6875,0.628930817610063,0.291545189504373,5.20833333333333,5.88461538461539,0.264375413086583
"1_248247638",18.7727272727273,0.754716981132076,0.720288115246098,31.25,44.625,0.195407914020518
"1_248813168",3.10526315789474,0.141509433962264,0.200736032117765,3.6231884057971,10.4794520547945,0.261301280376274
"2_15602043",0,0,NA,0,0,NA
"2_32640697",0,0.911416693316278,NA,0,0,NA
"2_43451739",2.56521739130435,0.431266846361186,NA,3.90625,0,NA
"2_52799450",0,0,NA,0,0,NA
"2_58275958",0,0.638606676342525,NA,0.78125,0,NA
"2_63609273",1.15686274509804,0.794438927507448,NA,0,0,NA
"2_65893962",0,0,NA,5,21.8571428571429,NA
"2_65893966",0,0,NA,4.80769230769231,23.1818181818182,NA
"2_65893967",0,0,NA,4.80769230769231,21.8571428571429,NA
"2_65893997",0,0,NA,4.03225806451613,20.1315789473684,NA
"2_71816974",0,0.198609731876862,NA,0,0,NA
"2_84777274",0,0.260247234873129,NA,6.94444444444444,11.475,NA
"2_89428859",6.21052631578947,0.50314465408805,NA,10.4166666666667,10.9285714285714,NA
"2_90122277",6.21052631578947,0,NA,0,14.34375,NA
"2_131935207",7.375,0.150943396226415,NA,13.5869565217391,6.95454545454545,NA
"2_137814248",0.412587412587413,0.679925208227095,NA,0,0,NA
"2_189860975",10.4117647058824,0.269541778975741,NA,8.33333333333333,20.8636363636364,NA
"2_196673673",0,0.825471698113208,NA,0,0,NA
"2_238280514",0,0.929723817336615,NA,0,0,NA
"3_12829863",8.13793103448276,0.0943396226415094,0,13.1578947368421,4.37142857142857,NA
"3_14007029",0,0,0,0,17,NA
"3_15901006",6.55555555555556,0,0,0,0,NA
"3_32510295",0,1.31503716409377,1.38775510204082,0,0,NA
"3_59025517",0,0,0,0,21.8571428571429,NA
"3_100059702",0,0.157232704402516,0.562983814215341,5.95238095238095,0,NA
"3_105464971",0,0,0.0971817298347911,0,0,NA
"3_124153243",0,0.0546896363139185,0,0,18,NA
"3_125466156",16.0909090909091,1.21293800539084,1.20048019207683,25,55.6363636363636,NA
"3_126135070",3.27777777777778,0.566037735849057,0.272108843537415,20.8333333333333,12.75,NA
"3_137964255",0,0.179694519317161,0,0,0,NA
"3_148704235",0,0.616095494801694,1.04956268221574,0,0,NA
"3_154889936",0,1.24163116250761,0.999583506872137,0,0,NA
"3_159710992",0,1.02334505916214,1.32890365448505,0,0,NA
"3_169579692",0,1.0482180293501,1.31195335276968,0,0,NA
"3_194712115",7.86666666666667,1.0482180293501,0.90702947845805,14.7058823529412,0,NA
"4_289382",0,0.562727573651109,0.957934194085798,0,0,0.749063670411985
"4_944321",0,1.31636682755595,0.897959183673469,0,5.77358490566038,0.882825040128411
"4_9759371",0,0.0802890405459655,0.278293135435993,2.77777777777778,0,0
"4_9759377",0,0.0857632933104631,0.298656047784968,2.84090909090909,0,0
"4_9759378",0,0.0877577885037297,0.306122448979592,2.84090909090909,0,0
"4_9759400",0,0.10482180293501,0.408163265306122,0,0,0
"4_43390103",0,0.628930817610063,0.76530612244898,4.16666666666667,0,0.280898876404494
"4_69796988",0,0.796261035139346,0.839214190349037,0,0,0.793126239259749
"4_74274864",7.69565217391304,0.857632933104631,0.709849157054126,21.4285714285714,17.7906976744186,0
"4_80327778",0,0.749634711898863,1.03896103896104,0.440140845070423,0,0.971493057259212
"4_117520491",0,0,0.627943485086342,9.61538461538461,0,0.802568218298555
"4_142651106",0,0.809716599190283,0.714755948462334,0,2.06756756756757,0.729979245688113
"4_169158472",0,0.424840684743221,0.154023873700424,0,0,0.0249687890137328
"4_183713548",0,0.612466660081004,0.941915227629513,0,0,0.972342264477096
"4_184619035",0,0.150943396226415,0,17.0454545454545,0,0.195407914020518
"4_190395389",0,1.00022732439191,0.72562358276644,0,0,0.881251376955276
"5_979412",0,NA,NA,0,14.8064516129032,NA
"5_2755354",0,NA,NA,0,1.88888888888889,NA
"5_5955251",2.36,NA,NA,15.1515151515152,7.28571428571428,NA
"5_23689129",0,NA,NA,0,0,NA
"5_40958247",0,NA,NA,1.70648464163823,0,NA
"5_45696164",0,NA,NA,0,0,NA
"5_64466697",6.94117647058824,NA,NA,6.25,20.4,NA
"5_81888261",10.4117647058824,NA,NA,5.95238095238095,0,NA
"5_137474284",9.07692307692308,NA,NA,19.53125,22.95,NA
"5_140580834",8.42857142857143,NA,NA,19.7368421052632,20.4,NA
"5_145512380",9.07692307692308,NA,NA,0,40.2631578947368,NA
"5_147016688",0,NA,NA,4.6875,0,NA
"5_153677665",0,NA,NA,0,0,NA
"5_154396783",1.475,NA,NA,1.81159420289855,0,NA
"5_156021885",0,NA,NA,7.5,7.11627906976744,NA
"5_177469216",0,NA,NA,14.4230769230769,0,NA
"6_10529382",0,0.767243404055429,0.929300291545189,0.529661016949153,0,0.788677614520311
"6_20483286",0,0.221975582685905,0,0,0,0.354819633353046
"6_28478708",0,0.474996701411796,0.617389813068084,1.48809523809524,0,0.50612410162972
"6_29536155",8.85,0.198609731876862,0.453514739229025,32.6086956521739,36.9310344827586,0.280898876404494
"6_31975463",1.68571428571429,0.443951165371809,0,NA,19.6153846153846,NA
"6_32497802",11.8,0.686106346483705,0,NA,NA,NA
"6_32497815",4.21428571428571,0.471698113207547,0,NA,NA,NA
"6_32610593",NA,NA,0.113378684807256,NA,NA,NA
"6_43110240",9.21875,0.246103363412633,0.140745953553835,6.41025641025641,5.1,0.0802568218298555
"6_100960828",0,1.07816711590296,1.13378684807256,0,0,0.912921348314607
"6_109761352",3.88157894736842,0.098015192354815,0.147528891074502,9.72222222222222,1.98701298701299,0.110517590716522
"6_118024705",6.21052631578947,0,0.0927643784786642,8.52272727272727,9.71428571428571,0.214018191546281
"6_122845567",44.25,2.51572327044025,1.48423005565863,87.5,86.4782608695652,0.599250936329588
"6_128556807",0,1.09863864342011,1.02040816326531,0,0,0.561797752808989
"6_128561076",5.17543859649123,0.125786163522013,0.151171579743008,4.71698113207547,8.34545454545455,0.0724900326205147
"6_137016890",0,0.707547169811321,0,6.25,0,0
"6_138215531",0,0,0,0,0,0.612870275791624
"6_158353068",0,0.725689404934688,0.709849157054126,0,0,1.01123595505618
"7_4008746",0,NA,NA,0,0,NA
"7_6906672",0,NA,NA,1.42045454545455,0,NA
"7_23602720",0,NA,NA,0,0,NA
"7_26299277",0,NA,NA,0,0,NA
"7_27135313",1.61643835616438,NA,NA,3.52112676056338,3.97402597402597,NA
"7_27135319",0.694117647058824,NA,NA,2.80898876404494,4.54455445544554,NA
"7_48467653",9.21875,NA,NA,9.61538461538461,19.125,NA
"7_63159923",0,NA,NA,7.57575757575758,0,NA
"7_82435024",0,NA,NA,2.60416666666667,0,NA
"7_107208412",0,NA,NA,0,0,NA
"7_117023237",14.75,NA,NA,55,86.0625,NA
"7_127729578",0,NA,NA,0,0,NA
"7_128610492",1.96666666666667,NA,NA,0,6.95454545454545,NA
"7_133164869",0,NA,NA,0,0,NA
"7_136699607",0,NA,NA,0,0,NA
"7_151066098",2.45833333333333,NA,NA,4.16666666666667,17.6538461538462,NA
"8_20030470",0,1.41068594604126,0.755857898715041,0,4.41346153846154,0.61879172773164
"8_25237679",0,1.4607425441266,0.777453838678328,0,0,0.936329588014981
"8_48870053",0,1.50943396226415,1.08043217286915,0,0,0.921924517430135
"8_57390358",0,0.833129135015927,1.03563813585136,0,0,1.28410914927769
"8_65517419",0,1.07816711590296,1.10544217687075,3.59712230215827,0,0.689138576779026
"8_98828550",4.06896551724138,0,0.214822771213749,6.25,21.8571428571429,0.118273211117682
"8_103326837",8.42857142857143,0.157232704402516,0,5.68181818181818,7.65,0.249687890137328
"8_125035579",0,0.930472990436805,1.42533203757694,0,0,1.27340823970037
"8_131199665",3.27777777777778,0.520494469746259,0.887311446317657,27.1739130434783,29.1428571428571,0.561797752808989
"8_134270468",10.0731707317073,0.359389038634322,0.116618075801749,9.09090909090909,5.56363636363636,0.408580183861083
"8_145792778",10.5357142857143,0,0.240096038415366,14.7058823529412,13.304347826087,0.0624219725343321
"9_12709198",0,0.483792936623125,0.948258091115234,0,0,0.683927699071812
"9_43163327",0.907692307692308,0.0698812019566736,0,9.765625,2.31818181818182,0
"9_66457019",5.70967741935484,0.269541778975741,0.583090379008746,10.4166666666667,4.93548387096774,0.259291270527226
"9_66457041",3.76595744680851,0.240867121637896,0.354924578527063,0,3.55813953488372,0.210674157303371
"9_68415409",1.73529411764706,0,0,7.97872340425532,6.51063829787234,0.0535045478865704
"9_68415429",9.07692307692308,0.117924528301887,0,10.1351351351351,4.78125,0.0591366055588409
"9_68431098",4.75167785234899,0.277155953523079,0.150060024009604,6.94444444444444,7.88659793814433,0.155574762316335
"9_68431100",1.99324324324324,0.0215633423180593,0,0.766871165644172,1.56122448979592,0
"9_71836098",0,0.0686106346483705,0.600240096038415,0,0,0
"9_100413731",0.440298507462687,0.141864094197759,0.168662506324844,0,2.30075187969925,0.0244259892525647
"9_112029859",0.36875,0.732734933137937,0.69415521310565,1.19426751592357,0,0.886587078651685
"9_125878534",0,0.754716981132076,1.25588697017268,0,0,0.612870275791624
"10_93987",NA,NA,NA,NA,NA,NA
"10_445076",NA,NA,NA,NA,NA,NA
"10_445078",NA,NA,NA,NA,NA,NA
"10_53080207",0,NA,NA,13.3928571428571,0,NA
"10_64425756",2.36,NA,NA,4.80769230769231,9.87096774193548,NA
"10_74452957",11.2380952380952,NA,NA,38.0434782608696,18.5454545454545,NA
"10_97099062",0,NA,NA,0,0,NA
"10_99226495",0,NA,NA,1.21359223300971,0,NA
"10_135012362",0,NA,NA,0,0,NA
"10_135311058",NA,NA,NA,NA,NA,NA
"10_135311059",NA,NA,NA,NA,NA,NA
"11_3712790",9.07692307692308,0.305966343702193,NA,0,24.48,NA
"11_12316377",7.86666666666667,0,NA,0,20.4,NA
"11_26568997",0.432234432234432,0.835137643055985,NA,0,0,NA
"11_43401008",0,0.35377358490566,NA,7.35294117647059,0,NA
"11_51515993",0,0.99304865938431,NA,1.42857142857143,0.753694581280788,NA
"11_55433205",0,0.806930105612911,NA,0.946969696969697,0,NA
"11_55541619",0,1.14417734748886,NA,0.412541254125413,1.03728813559322,NA
"11_56216790",0.710843373493976,0.948787061994609,NA,0,0,NA
"11_58861353",5.70967741935484,0.251572327044025,NA,0,13.0212765957447,NA
"11_59945838",0,NA,0.976573728082783,1.72811059907834,0.634854771784232,NA
"11_71932274",0,0.669486011711126,0.535936113575865,0,0,0.351969676458644
"11_71932821",0,0.472099558410277,0.637579169598874,0,0,0.793126239259749
"11_74408704",0,1.0488346281909,0.937888198757764,0,0,NA
"11_90017336",0,0,0.616326530612245,19.7368421052632,9,NA
"11_107431636",2.80952380952381,0.115566037735849,0,15.625,12.75,NA
"11_123755105",0.776315789473684,0.156258304544247,0.156693185748876,4.03225806451613,7.37349397590361,NA
"12_2023965",0,NA,1.36054421768707,0,0,0.719101123595506
"12_10786733",0,NA,1.02040816326531,0,0,0.824657251829708
"12_15262474",0,1.00735529261273,0.999149659863946,0,0,0.85321156041579
"12_49426771",0,NA,0,0,0,0.421348314606742
"12_52842430",0,NA,0.844475721323012,0,0,0.499375780274657
"12_64216521",4.09722222222222,NA,0.128555359151535,0.886524822695035,0,0
"12_64216544",2.61061946902655,NA,0.0709849157054126,0,0,0.0280898876404494
"12_64216547",2.56521739130435,NA,0.0742115027829314,0,0,0.0288101411696917
"12_64216551",2.56521739130435,NA,0.0709849157054126,0,0,0.0288101411696917
"12_75692396",0,NA,1.13072255929399,0.739644970414201,0,1.13217257054636
"12_94631525",0.200680272108844,NA,0.733565315527133,0,0,0.731143486909306
"12_102589619",6.94117647058824,NA,1.71858216970999,69.4444444444444,38.25,0.449438202247191
"12_114386912",0,NA,1.10314396028682,0,0,1.02145045965271
"13_19985458",0,0,0.394996708360764,0,0,0.0642054574638844
"13_25016940",6.55555555555556,0,0.204081632653061,16.304347826087,0,0.149812734082397
"13_48881469",0,1.20682702002016,0.994857785633939,0,0,NA
"13_100635007",4,0.121728545343883,0,9.09090909090909,15,0.0522602560752548
"13_103395212",0.244813278008299,1.0939708684162,1.3054614558374,3.30188679245283,0,1.00606459498848
"13_115089273",NA,NA,NA,NA,NA,NA
"14_19814641",3.37142857142857,0.290275761973875,0.302343159486017,12.9310344827586,12.75,0.136193394620361
"14_21561310",1,1.21522225775504,0.832986255726781,1,1,1.11399212522808
"14_38292982",0,0.835137643055985,0.86523088498072,0,0.607142857142857,0.63825543514394
"14_55701646",13.8823529411765,0.171526586620926,0.429645542427497,16.6666666666667,38.25,0.709639266706091
"14_63179485",0,0.592991913746631,0.989486703772418,1.73611111111111,0,0.842696629213483
"14_67691342",0,0.359389038634322,1.02040816326531,10.4166666666667,0,0
"14_101514903",20.8235294117647,0.492206726825267,0.556586270871985,14.4230769230769,30.6,0.936329588014981
"14_106128367",5.9,0.290275761973875,0.272108843537415,15,17,0.280898876404494
"14_106833547",0,0.619543790481555,0.521059487624837,0,0,0.579920260964117
"14_107087143",0,0,0,5.43478260869565,27.4615384615385,0
"15_20453871",0,NA,0.214822771213749,26.3157894736842,21.8571428571429,NA
"15_21136691",2.45833333333333,NA,0,8.15217391304348,4.02631578947368,NA
"15_45123962",10.4117647058824,0.138679245283019,0,15,9.5625,NA
"15_65245762",6.21052631578947,0,0,20.8333333333333,5.88461538461539,NA
"15_69110786",0,0,0.660349854227405,0,0,NA
"15_69715487",6.21052631578947,0.792452830188679,0.856009070294785,12.5,12.75,NA
"15_72104750",0,1.32649712879409,0.952504638218924,0,0,NA
"15_74888024",0,0,0.456538170823885,0,0,NA
"15_75982058",3.37142857142857,0.138679245283019,0.474097331240188,0,0,NA
"15_80762427",0,1.23270440251572,0.711145996860283,4.03225806451613,0,NA
"16_9934525",1.09259259259259,0.727020945127229,0.371057513914657,1.12612612612613,0,0.568566400433193
"16_17188392",1.90322580645161,0.130123617436565,0.653061224489796,0,0,0.92531394580304
"16_20826142",0,0.226415094339623,0,0,0,0.306435137895812
"16_22180878",0,0.702062308029838,1.25588697017268,0,0,0.449438202247191
"16_33410921",5.75609756097561,0.251572327044025,0.18140589569161,10,8.82692307692308,0.153217568947906
"16_33741332",0,0.7383100902379,0.703729767769177,0,0,0.774893452150329
"16_34777789",1.90322580645161,1.20068610634648,0.627943485086342,0,0,0.280898876404494
"16_46534470",0,0.709882308985616,0.979591836734694,0.32051282051282,0,0.952341172047951
"16_50776313",0,0.179694519317161,0.371057513914657,0,25.5,0
"16_53330747",0,0.754716981132076,0.728862973760933,2.77777777777778,0,0.93176212661003
"16_66804095",0.263982102908277,0.943396226415094,0.599328338930509,2.35849056603774,0,0.780746121728504
"16_72097279",0,0.179694519317161,0,12.5,6.65217391304348,0
"16_81939002",0,0.477119930600737,0.838691641039978,0,0,0.561797752808989
"17_1779212",6.55555555555556,0.58055152394775,0,4.31034482758621,34,NA
"17_1960404",0,0.343053173241852,0.371057513914657,10.8695652173913,0,NA
"17_7311773",0,1.74477581659566,1.92076830732293,8.01282051282051,2.15492957746479,NA
"17_7577539",0.662921348314607,1.86163522012579,2.53061224489796,0,0,NA
"17_10446344",0.508620689655172,2.01447013760817,NA,0.735294117647059,1.02684563758389,NA
"17_15641457",1.77,0.0401445202729827,NA,1.09649122807018,7.71428571428571,NA
"17_15641459",1.82474226804124,0.0410172272354389,NA,1.08695652173913,7.77966101694915,NA
"17_15641462",1.96666666666667,0.0419287211740042,NA,1.08695652173913,8.12389380530973,NA
"17_15641472",2.10714285714286,0.0443951165371809,NA,1.22549019607843,9.27272727272727,NA
"17_18144811",0,2.33962264150943,NA,0,0,NA
"17_18565175",1.49367088607595,0.179694519317161,NA,2.74725274725275,9.68354430379747,NA
"17_31344629",0,0.743281875357347,0.837257980115123,1.40449438202247,0,0.850878149885459
"17_32366366",0,0.611932687404386,0.170068027210884,0,0,0.262172284644195
"17_35454702",5.1304347826087,0.0673854447439353,0,7.97872340425532,6,0.0561797752808989
"17_39197485",0.944,0.132406487917908,0,1.14678899082569,2.80733944954128,0.0249687890137328
"17_40345559",3.57575757575758,0,0,4.46428571428571,19.125,0.195407914020518
"17_46507209",0,2.05831903945111,1.8140589569161,0,0,0.374531835205992
"17_46507210",0,2.05831903945111,1.8140589569161,0,0,0.374531835205992
"17_71205858",1.22916666666667,0,0.185528756957328,8.15217391304348,3.12244897959184,0.160513643659711
"18_5958159",14.75,0.628930817610063,0.453514739229025,7.14285714285714,19.741935483871,0.17286084701815
"18_5958176",17.2083333333333,0.471698113207547,0.480192076830732,7.14285714285714,17.4857142857143,0.299625468164794
"18_14542693",6.55555555555556,0.134770889487871,0.177462289263531,0,15.3,0
"18_14644789",0,0.297914597815293,0.272108843537415,13.1578947368421,14.8064516129032,0.195407914020518
"18_39317535",0,1.88679245283019,0.960384153661465,3.90625,0,0.702247191011236
"18_44229186",0,0.715679895901106,1.10544217687075,0,0,1.06445890005914
"18_72021285",0,0.136806703528473,0.117966261649168,0,0,0.226915053251839
"19_1045249",18.6315789473684,NA,NA,44.6428571428571,19.125,NA
"19_2114291",0,NA,NA,0,1.90062111801242,NA
"19_2204355",6.94117647058824,NA,NA,3.2051282051282,10.2,NA
"19_6416308",0.567307692307692,NA,NA,0,0,NA
"19_6429494",0,NA,NA,22.3214285714286,13.304347826087,NA
"19_7830936",2.56521739130435,NA,NA,0,4.78125,NA
"19_8601051",4.21428571428571,NA,NA,15,19.125,NA
"19_10291322",1.05357142857143,NA,NA,3.67647058823529,7.171875,NA
"19_11319158",0,NA,NA,0,0,NA
"19_11447769",15.5263157894737,NA,NA,5.43478260869565,14.5714285714286,NA
"19_15072975",1.03508771929825,NA,NA,0.992063492063492,1.125,NA
"19_20225435",0,NA,NA,0,0,NA
"19_36270198",0,NA,NA,0,0,NA
"19_38899501",6.14583333333333,NA,NA,2.77777777777778,0,NA
"19_41076315",0,NA,NA,19.7368421052632,0,NA
"19_41355704",0,NA,NA,25,0,NA
"19_41355820",1.13461538461538,NA,NA,2.52525252525253,5.81012658227848,NA
"19_41355828",1.09259259259259,NA,NA,2.47524752475248,5.59756097560976,NA
"19_41595958",0,NA,NA,5.95238095238095,0,NA
"19_42486240",0,NA,NA,2.27272727272727,0,NA
"19_43359790",0,NA,NA,0,0,NA
"19_43596250",2.62222222222222,NA,NA,10.6382978723404,0,NA
"19_46259201",0,NA,NA,0,0,NA
"19_48734779",0,NA,NA,0,0,NA
"19_49222283",0,NA,NA,0,0,NA
"19_51919263",12.4210526315789,NA,NA,19.7368421052632,35.3076923076923,NA
"19_51919279",13.6153846153846,NA,NA,13.1578947368421,21.8571428571429,NA
"19_53787688",0,NA,NA,0,0,NA
"19_53874163",0,NA,NA,0,0,NA
"19_53874208",0,NA,NA,0,0,NA
"19_54204490",0,NA,NA,1.8796992481203,0,NA
"19_54745682",1.59459459459459,NA,NA,7.97872340425532,2.88679245283019,NA
"19_56270442",2.45833333333333,NA,NA,6.32911392405063,0,NA
"19_58579680",0,NA,NA,0,0,NA
"20_6057797",0,NA,NA,0,0,NA
"20_35748110",0,NA,NA,0,0,NA
"20_56234791",0,NA,NA,0,0,NA
"20_57767730",0,NA,NA,0,2.91428571428571,NA
"21_9649980",NA,NA,NA,NA,NA,NA
"21_11038551",NA,NA,0.240096038415366,11.9047619047619,25.5,NA
"21_23407170",0,0.35377358490566,0,5,0,0.204290091930541
"21_36419858",4.72,0.628930817610063,0.388726919339164,10.4166666666667,13.304347826087,0.642054574638844
"21_45971162",12.2068965517241,0.665926748057714,0.952380952380952,33.5365853658537,28.9459459459459,0.535045478865704
"21_46318897",0,1.02334505916214,0.736032117765139,5,0,0.980592441266599
"22_19226576",0,0.870827285921626,1.16618075801749,0,0,NA
"22_23247000",2.03448275862069,0.130123617436565,0.340136054421769,10.4166666666667,3.32608695652174,NA
"22_39262240",0,0,0,0,0,0.232468035645099
"X_27766473",NA,NA,NA,NA,NA,NA
"X_38079975",NA,NA,NA,NA,NA,NA
"X_48759693",NA,NA,NA,NA,NA,NA
"X_64770974",NA,NA,NA,NA,NA,NA
"X_79828201",NA,NA,NA,NA,NA,NA
"X_107939643",NA,NA,NA,NA,NA,NA
"X_115239135",NA,NA,NA,NA,NA,NA
"X_118679330",NA,NA,NA,NA,NA,NA
"X_150794063",NA,NA,NA,NA,NA,NA
"Y_22918624",NA,NA,NA,NA,NA,NA
"Y_24457133",NA,NA,NA,NA,NA,NA
"Y_59015812",NA,NA,NA,NA,NA,NA
