"52M_lib74086_3847_1","52SVZ_lib74087_3832_2","52T1_lib74088_3782_7","52T2_lib74089_3832_2","52T3_lib74090_3832_2","52T4_lib74091_3847_1"
"1_1452469",NA,0.476190476190476,0.344827586206897,0.37359900373599,0.185528756957328,0
"1_1452482",NA,0.317460317460317,0.599700149925038,0.353513035793195,0.247371675943104,0
"1_1452486",NA,0.512820512820513,0.574712643678161,0.526870389884089,0.324675324675325,0.0848896434634974
"1_11918927",Inf,0.266666666666667,0.0801924619085806,0,0.0552638850511191,0
"1_12837827",Inf,0.317460317460317,0.510855683269476,0.587084148727984,0.229182582123759,0.292397660818713
"1_12837832",Inf,0.317460317460317,0.299850074962519,0.587084148727984,0.157418339236521,0.292397660818713
"1_16890877",Inf,0.350877192982456,0,0.151280524121501,0.371057513914657,0
"1_24398555",Inf,1.09090909090909,0.90185676392573,1.04607721046077,1.31649172745063,1.00250626566416
"1_39917012",NA,1.51515151515152,1.56739811912226,0.99626400996264,0.346320346320346,0.789473684210526
"1_40131806",NA,1.02564102564103,0.868856910127613,0.72522159548751,0.801667468334135,0.70765148164529
"1_46497340",Inf,0,0.0841042893187553,0.0507356671740233,0.152788388082506,0.0453720508166969
"1_47015453",Inf,0.634920634920635,0.14367816091954,0,0.371057513914657,0.315789473684211
"1_67356549",Inf,0.416666666666667,0.313479623824451,0.08058017727639,0.0666000666000666,0.0674763832658569
"1_86591620",NA,0.925925925925926,1.04947526236882,0.856164383561644,1.04787915946714,1.02782208045366
"1_86850184",NA,1.66666666666667,0,1.46118721461187,1.37509549274255,1.80921052631579
"1_93303020",NA,0,1.14942528735632,0,0.415584415584416,0
"1_110293791",Inf,0.43859649122807,0.985221674876847,0.930472990436805,1.09364319890636,1.09976433621367
"1_111997060",Inf,0,0,0.0570776255707763,0,0.164473684210526
"1_120529580",NA,0.64030131826742,0,0,0,0
"1_144811969",Inf,1.42857142857143,0.574712643678161,0.49813200498132,0,1.00877192982456
"1_145017832",NA,0,0.304259634888438,0,0,0.0730994152046784
"1_145079271",NA,0.202020202020202,0,0.421496311907271,0.0742115027829314,0
"1_145497951",NA,0.606060606060606,0.344827586206897,0.432588320115357,1.12554112554113,0.87719298245614
"1_148890131",NA,0,0.272232304900181,0.0856164383561644,0,0.06265664160401
"1_152188389",NA,0.0174978127734033,0.189516501802718,0.241323017957272,0.317357612731278,0.198150594451783
"1_153745862",NA,0,0,0.357355568790947,0,0
"1_155587035",Inf,0.333333333333333,0.229885057471264,0,0.216450216450216,0
"1_155587051",Inf,0.208333333333333,0.123152709359606,0,0.0895656068069861,0
"1_157361211",NA,0,0,0,0.2997002997003,0
"1_158064703",NA,0.96,0.585556278464541,0.814513143280267,1.08395541466408,1.04427736006683
"1_159777898",NA,0.588235294117647,1.19940029985008,0.91324200913242,1.21212121212121,0.584795321637427
"1_171070928",NA,0.92896174863388,0.64367816091954,0.570776255707763,1.06060606060606,0.811870100783875
"1_201035342",NA,0,0,0,0.356165573556878,0.0208029956313709
"1_210407028",NA,0,0,0,0.23976023976024,0
"1_211035723",NA,1.23456790123457,0.626959247648903,0.782778864970646,0.944510035419126,1.27041742286751
"1_216741522",NA,0.240963855421687,1.2807881773399,1.04370515329419,1.16694899303595,0.577663671373556
"1_220607927",Inf,0,0.269014428955735,0.0195694716242661,0,0
"1_233353809",NA,0.701754385964912,1.11350574712644,0.948366701791359,0.865800865800866,1.05263157894737
"2_4672789",Inf,0.606060606060606,0,0.16116035455278,0,0.105263157894737
"2_4672834",Inf,1.26984126984127,0,0.228310502283105,0.108225108225108,0.350877192982456
"2_27500790",NA,0.191846522781775,0.913645741231948,1.05981171430182,0.884460367218988,0.830498298979388
"2_31628737",Inf,0.603566529492455,0.827586206896552,0.997356404710406,0.734048560135517,0.969529085872576
"2_36970414",NA,0.462962962962963,1.18373648996397,1.29514321295143,1.03896103896104,1.03583426651736
"2_39536669",Inf,0.579710144927536,0.229885057471264,0.254858235106722,0.221055540204476,0.206398348813209
"2_42531871",NA,1.02564102564103,0,0,0,0
"2_74786700",Inf,0.145719489981785,1.07505070993915,0.939789741956037,1.1448267372438,0.996640537513998
"2_85570159",Inf,0,0.362976406533575,0.136986301369863,0.0837871805613741,0.43859649122807
"2_86310393",NA,0.141843971631206,0.422237860661506,0,0.0552638850511191,0
"2_88004227",Inf,1.11111111111111,NA,NA,0,0.109649122807018
"2_97790185",NA,0.833333333333333,0,0,0,0
"2_102632609",NA,0,0.252312867956266,0.0582920431361119,0.0541125541125541,0.0611995104039168
"2_102957353",NA,1.24444444444444,0.871542250852596,0.797978454581726,1.05042016806723,0.815418828762046
"2_107107529",NA,0.871021775544389,0.790229885057471,0.775394158697338,1.02973949127795,1.0687198345208
"2_125464478",NA,0,0.246305418719212,0.182648401826484,0.51948051948052,0.526315789473684
"2_128366993",NA,0.805860805860806,0.666144200626959,0.999629766753054,0.970114223126271,0.868149755832881
"2_128903651",NA,0,1.08374384236453,0.0489236790606654,0.14985014985015,0
"2_132384417",NA,0,0.816696914700545,0,0,0
"2_132491447",Inf,0.357142857142857,0,0.07162682424568,0.12453300124533,0.0619195046439628
"2_136610419",Inf,0.357142857142857,0.999216300940439,1.10257266956231,1.02192889078135,0.872576177285318
"2_152474003",NA,0.416666666666667,0,0,0.0811688311688312,0.464396284829721
"2_152529197",NA,1.49659863945578,0.968616815187912,1.01943294042689,1.07697180867913,0.998185117967332
"2_170013886",NA,0.729166666666667,0.907441016333938,0.8137800081378,1.04141141876991,0.966702470461869
"2_170569330",NA,0,0.544464609800363,0,0,0
"2_174126037",NA,0.987654320987654,1.45888594164456,0.592373195112921,1.48423005565863,0.789473684210526
"2_175246386",Inf,0.62015503875969,0.333704115684093,0.105374077976818,0.314836678473042,0.18359853121175
"2_179513861",NA,1.33333333333333,0.783699059561129,0.842992623814542,1.2987012987013,1.28893662728249
"2_179654907",NA,1.05263157894737,1.07758620689655,1.07928601079286,1.02688009664754,0.932017543859649
"2_186660349",NA,0.7981220657277,0.935777464427638,0.965982429112712,1.01874173730461,1.0061919504644
"2_191155233",Inf,0.317460317460317,0.431034482758621,0.260926288323549,0.225861095426313,0.292397660818713
"2_233199418",Inf,0.18018018018018,0.127713920817369,0.205479452054795,0.110527770102238,0.111982082866741
"2_233393768",Inf,0,0.164203612479475,0.0740466493891151,0,0
"2_241631616",Inf,0,0,0.0702493853178785,0.173160173160173,0
"3_3084859",NA,0,0,0,0.397561622051418,0.0106541657788195
"3_14561641",NA,1.79487179487179,0.907441016333938,0.573431028990124,1.161995898838,1.2609649122807
"3_32022465",Inf,0,0,0,0,0
"3_36778909",NA,0.990990990990991,1.11234705228031,0.888953657825707,0.810896420652518,1.15356885364095
"3_36779797",Inf,0.824972129319955,0.992685475444096,1.04199416123961,0.917694293088615,1.06015037593985
"3_40802922",Inf,0,0,0,0,0
"3_42983443",NA,0.617283950617284,0.842911877394636,0.782778864970646,1.19480519480519,1.31578947368421
"3_46965015",NA,0.91324200913242,0.940438871473354,1.07559614408929,0.78975078975079,1.11700113593336
"3_49725021",Inf,0.199004975124378,0.0872981230903536,0.179654165730968,0.0916730328495034,0
"3_49928118",Inf,1.11111111111111,0.391849529780564,0.96696212731668,0.73051948051948,0.695134061569017
"3_52181249",Inf,0.380952380952381,0.599700149925038,0.410958904109589,0.324675324675325,0.169779286926995
"3_57168444",Inf,0,0,0,0,0
"3_58723031",Inf,0,0.168208578637511,0.121765601217656,0,0.129421915444349
"3_98642844",NA,0,0.405679513184584,0.91324200913242,1.11317254174397,1.05263157894737
"3_101431428",NA,0,1.03448275862069,0.684931506849315,1.44300144300144,0.43859649122807
"3_119911572",NA,0.416666666666667,1.14942528735632,0.74719800747198,0.999000999000999,0.921052631578947
"3_128292318",Inf,0.687830687830688,0.0814553353244638,0.114155251141553,0.112930547713156,0.0785545954438335
"3_130311977",NA,0.814814814814815,0.904214559386973,0.975953906755247,0.845665961945032,0.840258541089566
"3_142607822",Inf,0.333333333333333,0,0,0.692640692640693,0
"3_193201570",Inf,0,0.612068965517241,0.133825079030559,0.168147641831852,0
"3_195706799",Inf,0.188888888888889,0,0.112240388864339,0.152133580705009,0
"3_197501182",NA,0,0.408045977011494,0,0,0
"3_197846850",NA,NA,NA,NA,NA,NA
"4_13601122",Inf,1.34615384615385,0.929872142580395,0.86949388893446,1.00250626566416,1.00198194230346
"4_25507638",NA,0.571428571428572,0,0,0,0
"4_39900513",NA,1.33333333333333,0.91484869809993,0.896637608966376,0.76960076960077,0.933786078098472
"4_42119881",NA,0,0,0,0.944510035419126,0.119617224880383
"4_69417503",NA,1.08108108108108,1.19940029985008,1.30463144161774,1.0989010989011,0.986842105263158
"4_69481522",NA,0.121212121212121,1.20689655172414,0.850259801606046,1.22230710466005,1.05263157894737
"4_69492686",Inf,0.987654320987654,0,0.507356671740233,0.305576776165011,0.969529085872576
"4_71384741",NA,1.14285714285714,0.632183908045977,0.684931506849315,0.689935064935065,0.778354336545589
"4_88053565",NA,0.797720797720798,0.841042893187553,0.88556800885568,0.722988351854331,0.67911714770798
"4_91644928",NA,1.44927536231884,0.626959247648903,1.07928601079286,1.52788388082506,0.789473684210526
"4_113351478",NA,0.222222222222222,1.27713920817369,0.99626400996264,1.4100185528757,0.924608819345662
"4_128694626",Inf,1.03975535168196,0.972590627763042,1.10089447676237,0.940895838855023,0.99160945842868
"4_128748719",Inf,0.512820512820513,0.181488203266788,0.08302200083022,0.677583286278938,0
"4_154709553",NA,0.41958041958042,1.02957999673149,0.823833700546029,0.771103896103896,0.958237986270023
"4_172035305",Inf,1.62962962962963,1.19940029985008,0.929549902152642,1.31999148392591,0.809716599190283
"4_185039095",NA,0,1.40086206896552,0,0.502723083368245,0
"4_189552412",NA,0.888888888888889,0.362976406533575,0,0,0.225563909774436
"4_190878397",NA,NA,NA,NA,NA,NA
"5_6312881",Inf,0,0.28735632183908,0.782778864970646,0.944510035419126,0.692520775623269
"5_35037135",NA,0.740740740740741,0.83743842364532,1.30249270154952,0.736576855979841,1.03489059727972
"5_35957565",NA,1.09227871939736,0.810344827586207,1.12229740881334,0.847856806406029,0.967665801274487
"5_43731271",NA,0.606060606060606,0.21551724137931,0.547945205479452,0,0.202429149797571
"5_43731277",Inf,0.701754385964912,0.229885057471264,0.521852576647097,0.157418339236521,0.682261208576998
"5_43731283",Inf,0.888888888888889,0.229885057471264,0.865176640230714,0.157418339236521,0.947368421052632
"5_54404255",NA,0.0694444444444444,0.980036297640653,0.793752400460888,0.846123573396301,0.68649885583524
"5_59726059",NA,0.542005420054201,0,0,0,0
"5_60628181",Inf,0.666666666666667,0.517241379310345,1.27853881278539,0.865800865800866,0.6265664160401
"5_76759000",NA,0.845771144278607,0.896008688569101,0.858447488584475,1.11623913276806,0.8276740237691
"5_97061492",NA,0,0,0,0,0.809716599190283
"5_104940926",NA,0,0,0.342465753424658,0,0
"5_118533397",NA,0.775193798449612,1.06100795755968,1.2133072407045,0.925102294965309,1.11556064073227
"5_119800165",NA,1.0752688172043,0.862068965517241,0.838691641039978,0.919080919080919,1.10803324099723
"5_140167486",NA,1.22448979591837,1.0079575596817,1.02739726027397,0.821962847279303,1.4065335753176
"5_151167457",NA,0.317460317460317,0.313479623824451,0.328767123287671,0.167574361122748,0.33955857385399
"5_167653067",Inf,0,0,0,0,0.0848896434634974
"5_169506940",Inf,0.888888888888889,1.50862068965517,0.782778864970646,0.935064935064935,0.767543859649123
"5_180480387",NA,0.8,0,0,0,0
"6_3983469",NA,1.16838487972509,0.891127469972879,0.706114955514758,0.911854103343465,1.01214574898785
"6_4043899",Inf,2.53968253968254,1.9893899204244,1.66765932102442,0.909090909090909,2.00501253132832
"6_10415455",NA,1.9047619047619,0.574712643678161,0.856164383561644,1.48423005565863,0.789473684210526
"6_26458905",Inf,0.129449838187702,0.0862068965517241,0,0.0476587632550935,0.0542593597395551
"6_29720804",Inf,0,0.222469410456062,0.37359900373599,0.599400599400599,0.192554557124519
"6_29759248",Inf,0.27027027027027,0,0.0516929439131559,0,0.175438596491228
"6_29759260",Inf,0.205128205128205,0,0.060882800608828,0,0.143540669856459
"6_29910095",NA,0.202020202020202,0.233169129720854,0.0978473581213307,0,0.318979266347687
"6_30123292",NA,0.133333333333333,0.101419878296146,0.186799501867995,0.0666000666000666,0
"6_31657997",NA,1.18518518518519,0.749625187406297,1.06053910737958,0.629673356946084,0.962772785622593
"6_31695254",NA,0.55045871559633,0,0,0,0
"6_37618089",NA,0,0,0,0.338791643139469,0
"6_49700884",NA,0.164609053497942,1.16632860040568,0.876712328767123,0.891645667765071,0.900277008310249
"6_50011702",NA,0.444444444444444,0.862068965517241,1.17416829745597,1.44300144300144,0.998185117967332
"6_50811153",NA,0.298507462686567,1.10344827586207,1.3978194017333,1.1605415860735,0.936663693131133
"6_55926300",NA,0.450450450450451,0.561347233360064,0.853357287222097,0.748404138234647,0.891341256366723
"6_62526625",NA,0.903954802259887,1.02171136653895,1.47133434804668,0.927643784786642,0.773993808049536
"6_64451929",NA,0.731707317073171,0,0,0,0
"6_80776835",NA,0.797101449275362,0.985221674876847,0.790848750176529,0.902255639097744,0.907441016333938
"6_80878508",Inf,0.130718954248366,0,0.140498770635757,0.165791655153357,0.170881749829118
"6_84388591",NA,0.845771144278607,1.02068965517241,0.94112726131967,1.07478728168383,1.0132282578103
"6_85453989",NA,0.987654320987654,0.948731983214742,0.965292071829086,0.913659205116492,0.949538795442214
"6_94120497",Inf,1.01694915254237,0.907441016333938,0.944517420404078,1.07344475652827,1.11173656065297
"6_125256159",NA,1.56862745098039,0.517241379310345,0.865176640230714,1.12554112554113,1.2531328320802
"6_129478708",Inf,0.606060606060606,0,0,0,0
"6_138531168",NA,0.4,0.832342449464923,1.12079701120797,1.02432778489117,1.08892921960073
"6_147012388",NA,1.26984126984127,0.844475721323012,0.83382966051221,1.19047619047619,1.00877192982456
"6_151140704",Inf,0.144927536231884,0.0650618087182824,0.200467758102239,0,0.0506072874493927
"6_159457550",NA,0.65359477124183,0.945494994438265,1.131625967838,1.31699286628864,1.05263157894737
"6_165108826",Inf,1.42857142857143,0.28735632183908,0.16116035455278,0.371057513914657,0.607287449392713
"6_165108853",Inf,1.48148148148148,0.313479623824451,0.195694716242661,0.371057513914657,0.657894736842105
"6_168290115",NA,0,0.313479623824451,0,0.103896103896104,0
"6_168722505",Inf,0.555555555555556,1.06100795755968,0.273972602739726,0.1998001998002,0.789473684210526
"6_168722511",Inf,1.66666666666667,1.06100795755968,0.547945205479452,0.268696820420958,1.00250626566416
"6_169115207",Inf,0.208333333333333,0,0,0.136705399863295,0.272232304900181
"6_169115251",Inf,0.476190476190476,0,0,0.0666000666000666,0.233918128654971
"7_4871708",NA,0.766666666666667,0.936479128856624,1.16866438356164,0.920265780730897,1.14135338345865
"7_5770144",NA,1.0952380952381,0.78498985801217,0,0.23982683982684,0.226973684210526
"7_31747018",NA,0.306666666666667,0,0,0.189336978810663,0.407626208378088
"7_31918700",NA,1.04545454545455,0.918665667166417,0.97613187833759,0.876582278481013,1.04470079307859
"7_38284804",Inf,0.164285714285714,0.123563218390805,0.105344395137951,0.04282622139765,0.0731190392087601
"7_38785340",Inf,0.613333333333333,0.967016491754123,1.38508371385084,0.276723276723277,1.06811145510836
"7_50468400",NA,0.807017543859649,0.889655172413793,0.897534246575343,1.47166469893743,0.62002567394095
"7_64661157",Inf,0,0.635467980295567,0,0.53961038961039,0.440191387559809
"7_64663873",NA,0.657142857142857,0,0.0733279613215149,0.0946684894053315,0.0864661654135338
"7_65171408",Inf,0.958333333333333,1.11206896551724,0.659951651893634,0.327036599763873,0.726315789473684
"7_75068529",NA,0.651416122004357,0.807043286867205,0.987852158180408,1.0679788961039,0.983552631578947
"7_80166667",Inf,0,0.313479623824451,0,0,0
"7_82478074",NA,0.815602836879433,0.985221674876847,0.934931506849315,1.01665725578769,0.807017543859649
"7_82578834",Inf,0.958333333333333,0.658906215681968,0.934931506849315,1.07216704863764,0.970169105073152
"7_82785304",NA,0.728119180633147,0.307881773399015,0.782289628180039,1.01503475777335,0.980526315789474
"7_86468552",NA,0.775978407557355,0.308800823468863,1.09005467166288,1.01636653309516,0.931174089068826
"7_92875594",Inf,0.255555555555556,0.137931034482759,0.254981320049813,0,0.330143540669856
"7_96639505",Inf,0,0.246305418719212,0.287671232876712,0.224837662337662,0.0885750962772786
"7_97362020",NA,0.0982905982905983,0.849202264539372,0.969558599695586,0.989285714285714,0.844096728307255
"7_98885745",NA,0,0.0957854406130268,0,0.3997113997114,0.0807017543859649
"7_99578589",NA,0.782312925170068,0.0907441016333938,0.11332503113325,0.252449305080884,0.358042994810971
"7_99578594",NA,0.365079365079365,0.0884173297966401,0.11332503113325,0.0782044042913608,0.167611336032389
"7_103118684",NA,0.239583333333333,0.957854406130268,0.831050228310502,1.04440720569753,1.21052631578947
"7_104702502",NA,0.214452214452214,0.961538461538462,0.967929089443997,1.0278293135436,0.917657045840407
"7_107621305",Inf,2.55555555555556,0.811359026369168,0.554033485540335,0.654073199527745,0.453947368421053
"7_128587119",NA,1.06976744186047,0.356718192627824,0.804242156429518,0.908082209053083,0.956970128022759
"7_132937913",NA,0.754098360655738,0.325309043591412,0.858297776779699,0.85099846390169,0.918330308529946
"7_138356755",NA,1.29943502824859,0.0689655172413793,0.847671232876712,1.07290954659376,0.581052631578947
"7_138957240",Inf,0.148867313915858,0,0,0.112418831168831,0.0288220551378446
"7_142611854",NA,0.952919020715631,0.372257053291536,1.11735716672235,1.01416137054435,1.00516917293233
"7_144095557",NA,0,0.431034482758621,0.901138801782472,0.804682159945318,0.944801026957638
"7_146471538",NA,0.46,0,0.0667808219178082,0.130814639905549,0.0403508771929825
"7_157155859",NA,0.98062015503876,1.14942528735632,1.09991941982272,1.26669105542345,1.15356037151703
"7_157462117",Inf,0.383333333333333,0.13262599469496,0.0584332191780822,0.208545078110295,0.177150192554557
"8_6361481",NA,1.66666666666667,1.01419878296146,0.49813200498132,0.185528756957328,0.404858299595142
"8_11174419",NA,0.66957787481805,0.945729666812164,0.780949942388939,1.08423686405338,1.18110236220472
"8_21829687",Inf,1.02564102564103,0.21551724137931,0.219178082191781,0.354191263282172,0
"8_41518209",NA,0.416666666666667,1.14942528735632,1.47523709167545,1.21212121212121,1.24653739612188
"8_66594316",NA,0.775193798449612,0.778642936596218,0.962606442058497,0.993124522536287,0.509337860780985
"8_73480218",NA,0.891089108910891,0.900213610009155,0.940749298564119,0.924075924075924,0.866624392306066
"8_81733866",Inf,0.687830687830688,0.830909846281679,1.00233879051119,0.766852195423624,0.834403080872914
"8_104570741",NA,0.555555555555556,0,0,0,0
"8_124333146",NA,0,0.405679513184584,0.730593607305936,0.909090909090909,1.05263157894737
"8_124382376",Inf,0.909090909090909,0,0.24906600249066,0.25974025974026,0
"8_143997977",NA,0.444444444444444,0.608519269776876,0.238237045860631,0,0
"9_11011812",NA,0,0,0,0,0.233082706766917
"9_14797413",Inf,0,0.0720081135902637,0,0,0
"9_18753327",NA,0,0,0.846971881759192,0,0
"9_34521250",NA,1.11111111111111,0,0,0,0
"9_66456976",Inf,0.714285714285714,0.13262599469496,0.228310502283105,0.103896103896104,0.328947368421053
"9_66457019",Inf,0.579710144927536,0.383141762452107,0.216294160057678,0.51948051948052,0.225563909774436
"9_66457041",Inf,0.484848484848485,0.168208578637511,0.103385887826312,0,0.219298245614035
"9_68433749",Inf,0,0,0.12453300124533,0.371057513914657,0.518796992481203
"9_68433763",Inf,0,0,0,0.305576776165011,0.453947368421053
"9_69002548",Inf,0,0,0,0.556586270871985,0.259398496240601
"9_71224217",NA,0.82687338501292,0.903686087990488,0.705076551168413,0.719280719280719,0.825593395252838
"9_71849337",Inf,0,0.229885057471264,0.489236790606654,0.136705399863295,0.43859649122807
"9_72338054",NA,0.579710144927536,0,0,0.216450216450216,0.263157894736842
"9_72472707",NA,0,0,0,0.318049297641134,0
"9_86004828",NA,0,0.272232304900181,0.0652315720808871,0.110527770102238,0.0446030330062444
"9_88514227",NA,0.138888888888889,1.18534482758621,0.958904109589041,0.757575757575758,1.08359133126935
"9_100997686",NA,0,0.492610837438424,0,0,0
"9_108120810",NA,0.444444444444444,0.957854406130268,0.99626400996264,0.939486045869025,1.07655502392344
"9_132571511",NA,0.9375,0.620689655172414,0.821917808219178,0.808080808080808,0.923361034164358
"9_135690205",Inf,0,0.222570532915361,0,0.0887445887445887,0
"10_29580697",Inf,0,0,0,0.114100185528757,0
"10_29580710",Inf,0,0,0,0.106493506493507,0
"10_29580712",Inf,0,0,0,0.0998376623376623,0
"10_29769536",NA,0,0,0,0.431730431730432,0
"10_36811706",Inf,0.157407407407407,0,0.173972602739726,0.133116883116883,0.157894736842105
"10_105965691",NA,0.894736842105263,0.68551724137931,1.12115677321157,0.836734693877551,0.758873929008568
"10_135137855",Inf,0,0,0,0,0
"11_2431824",NA,0,0,0,0.354191263282172,0
"11_3568885",Inf,1.11111111111111,0.646551724137931,0.144196106705119,0,0.56390977443609
"11_5141954",NA,0.893854748603352,0.783699059561129,0.947574415490782,1.000481000481,0.841493268053856
"11_6191508",Inf,0.416666666666667,0.819672131147541,0.812630601346645,0.748404138234647,0.802310654685494
"11_6191513",Inf,0.427350427350427,0.826446280991736,0.83382966051221,0.767927724449464,0.802310654685494
"11_11924419",NA,1.05022831050228,1.01949025487256,1.0744023636852,0.990761815504083,0.968222442899702
"11_13030601",NA,0,1.11234705228031,0,0.51948051948052,0
"11_18732455",NA,0,0.530503978779841,0,0,0
"11_30410531",Inf,0.136054421768707,0,0.167738328207996,0.0552638850511191,0
"11_50206858",NA,0.28169014084507,1.21951219512195,0.714711137581894,0.821962847279303,0.833333333333333
"11_51411304",NA,1.56862745098039,0,0,0,0
"11_62432912",NA,1.22448979591837,0.923645320197044,0.99626400996264,0.956937799043062,1.11019736842105
"11_64943049",Inf,1.58730158730159,0,0.136986301369863,0,0.11441647597254
"11_65601772",NA,0,0,0,0,0.179425837320574
"11_77934815",Inf,0.8,1.3136288998358,1.0958904109589,1.03896103896104,1.28654970760234
"11_90848654",NA,1.05820105820106,1.12269446672013,1.02068224550094,0.956937799043062,1.33735979292494
"11_102593179",Inf,0.701754385964912,0.97914005959983,0.945857795172864,0.763941940412529,0.982606731420827
"11_110501420",NA,0.948012232415902,1.04679802955665,0.926872486880665,1.04529616724739,0.979192166462668
"11_118305187",NA,0,0,0.357355568790947,0,0
"11_126045641",NA,0.571428571428572,0,0,0,0
"12_6463820",Inf,0.202020202020202,0.186393289841566,0,0,0
"12_7531814",Inf,0.955284552845528,1.02825093477358,0.902684298044184,0.980933959657364,0.886574725584014
"12_7966844",Inf,0.555555555555556,0,0.176756517896597,0.162337662337662,0.415512465373961
"12_8492934",Inf,0.87719298245614,0.191570881226054,0.228310502283105,0.123685837971552,0.34324942791762
"12_8492964",Inf,0.158730158730159,0,0.0684931506849315,0.0604047115675023,0.320924261874198
"12_13720077",NA,1.12554112554113,0.848806366047746,0.83382966051221,0.92304389825051,0.862325304787392
"12_22354836",NA,1.0962962962963,0.87719298245614,0.952028349288623,1.03230103230103,1.02554179566563
"12_32845482",Inf,0.555555555555556,1.93965517241379,0.958904109589041,0.927643784786642,0.607287449392713
"12_33537937",NA,1.28205128205128,0.574712643678161,1.16438356164384,0.670297444490993,1.12781954887218
"12_51717653",NA,1.66666666666667,0.862068965517241,1.02739726027397,1.2987012987013,1.57894736842105
"12_62789933",Inf,0.952380952380952,0.599700149925038,0.33208800332088,0.0763941940412529,0.239234449760766
"12_64041268",Inf,0,0.21551724137931,0,0.0787091696182605,0
"12_72287220",Inf,0.256410256410256,0,0.105374077976818,0,0.207756232686981
"12_78524358",NA,0,0.551724137931035,0,0,0
"12_110566965",NA,0.50314465408805,0.742705570291777,1.16692034500254,0.817700817700818,0.829127613554434
"12_113354198",Inf,1.42857142857143,1.21703853955375,1.17416829745597,1.01637492941841,1.01867572156197
"12_128899371",NA,0,0.405679513184584,0,0,0
"12_133182783",Inf,0,0.0663129973474801,0.12453300124533,0,0.17162471395881
"13_25016708",Inf,0.222222222222222,0.0328407224958949,0.0199968508896237,NA,0.0302144249512671
"13_25831641",Inf,0.515151515151515,0.489655172413793,0.226920786182251,0,0
"13_46065323",NA,1.07936507936508,0.644283121597096,1.09354207436399,1.12757830404889,1.14814814814815
"13_72016733",NA,0.472222222222222,0.765086206896552,0.978595890410959,1.14100185528757,1.46842105263158
"13_78208434",NA,0,0.293793103448276,0,0,0
"13_88544474",NA,0.676616915422886,1.13873295910184,0.74559686888454,0.850230414746544,1.1265664160401
"13_98606167",NA,0,0,0,0.134047770411407,0
"13_103388174",Inf,0.867030965391621,0.989728539985327,0.882469724042089,0.975405125847604,0.933938294010889
"14_19401843",Inf,0,0.101419878296146,0.0782778864970646,0.0787091696182605,0.116959064327485
"14_21762679",NA,1.41414141414141,0.61576354679803,1.46771037181996,0.629673356946084,0.87719298245614
"14_37194681",Inf,0.606060606060606,0.544464609800363,0,0.173160173160173,0.0692520775623269
"14_50605347",NA,0.943396226415094,1.03051922314705,0.73240200732402,0.786369593709043,0.887049083382614
"14_55648161",NA,0.919540229885057,0,0,0,0
"14_104151062",NA,0,0.626959247648903,0,0,0
"14_105413207",NA,0,0.112139052425007,0.0215726458850178,0.0548747027620267,0.0217485863418878
"14_105415607",Inf,0,0.313479623824451,0,0.0481000481000481,0.0398724082934609
"14_107236414",NA,NA,NA,NA,NA,NA
"15_22148127",Inf,0.944444444444444,0.626959247648903,0.865176640230714,0.38961038961039,0.464396284829721
"15_25328181",Inf,0.361702127659574,0,0,0,0
"15_43498739",Inf,1.14179104477612,1.18464961067853,0.919855140922689,0.866061649194179,1.05982905982906
"15_45444257",NA,0.787037037037037,0.699507389162562,0.845009784735812,0.98886827458256,0.713815789473684
"15_62536712",NA,0,0.958020989505247,1.21780821917808,0.798701298701299,1.26900584795322
"15_72106086",NA,0,0.0741901776384535,0,0,0.188259109311741
"15_76552205",NA,0,0.133542319749216,0,0,0.0347144456886898
"15_84561660",NA,0,0,0.37279843444227,0,0
"15_89056204",NA,0.0781609195402299,0.878389049749934,0.825024714023443,0.994301616750596,0.998142414860681
"15_98513365",NA,0,0.282493368700265,0,0,0
"16_2226476",Inf,0.848484848484848,0.678349349915206,1.01761252446184,1.1403230915426,0.698174006444683
"16_13307325",Inf,0.177777777777778,0.349825087456272,0.133645172068159,0.0799200799200799,0.083986562150056
"16_21363460",Inf,0.769230769230769,0.120288692862871,0.179654165730968,0,0
"16_28124288",NA,0,0,0.954286593812529,0.472255017709563,0.117481203007519
"16_29888367",Inf,0,0.369458128078818,0,0,0
"16_31428068",Inf,0,0,0.342465753424658,0,0.05720823798627
"16_33784455",NA,0.843881856540085,0.862068965517241,0.842992623814542,NA,0.923852183650616
"16_34290536",NA,0.745614035087719,0.639599555061179,0.829635346324522,NA,0.812215724496426
"16_34318363",NA,0.289855072463768,0.599700149925038,0.714711137581894,NA,0.75187969924812
"16_67223003",NA,0.522875816993464,0.842911877394636,0.868693618443034,0.76741440377804,1.04665071770335
"16_68847612",NA,0,0.544464609800363,0,0,0
"16_70977689",NA,0.934579439252336,0.895225464190982,1.2937595129376,0.621913297969636,1.25107851596204
"16_70993881",Inf,1.44927536231884,0.907441016333938,0.288392213410238,0,0.0848896434634974
"17_3119950",NA,0.860215053763441,1.08892921960073,1.19118522930316,1.2987012987013,0.956937799043062
"17_3362413",NA,0,0,0,0.288600288600289,0.093984962406015
"17_4800058",NA,0.25974025974026,1.21418164157358,0.875190258751903,0.789084333388131,0.94859241126071
"17_7722375",NA,1.48148148148148,0.733675715333822,1.32835201328352,0.811688311688312,0.559910414333707
"17_15640806",Inf,0.363636363636364,0.350672121566336,0.206771775652623,0.098015192354815,0.159489633173844
"17_16725483",Inf,0,0,0,0,0
"17_21731528",NA,1.22448979591837,1.10051357300073,1.40498770635757,0.999000999000999,1.08359133126935
"17_25638658",Inf,0.149122807017544,0.123152709359606,0.182648401826484,0.314836678473042,0.0559910414333707
"17_28846818",NA,0.459459459459459,1.21155638397018,0.639269406392694,0.903444381705251,0.909090909090909
"17_36349314",Inf,0.524691358024691,0.0703729767769177,0.111825552138664,0.19603038470963,0
"17_39296167",Inf,0,0,0,0,0
"17_39406461",Inf,0.0566666666666667,0,0,0,0
"17_39406474",Inf,0.0622710622710623,0,0,0,0
"17_41888041",NA,0.579710144927536,0,0,0,0
"17_57685253",Inf,0.289855072463768,0.517241379310345,0.334112930170398,0.230880230880231,0.157894736842105
"17_72470098",Inf,0.606060606060606,0.258620689655172,0.195694716242661,0.0895656068069861,0.06265664160401
"17_75202419",NA,0,0,0,0.334319146200334,0.0384172109104879
"18_196523",Inf,0.888888888888889,0.313479623824451,0.219178082191781,0.590318772136954,0.309597523219814
"18_14392844",NA,0,0.862068965517241,0,0.1998001998002,0.263157894736842
"18_14644789",Inf,0,0.137931034482759,0.228310502283105,0.288600288600289,0.109649122807018
"18_14803745",Inf,0,0.156739811912226,0.14809329877823,0.346320346320346,0.146198830409357
"18_14842740",NA,0.869565217391304,0,0,0.152788388082506,0.146198830409357
"18_15272142",Inf,0.512820512820513,0,0,0.0927643784786642,0
"18_15325567",Inf,0.208333333333333,0.13262599469496,0,0.0763941940412529,0.134952766531714
"18_18622139",NA,1.10144927536232,1.24521072796935,1.04824300178678,0.662083015024191,0.980392156862745
"18_18964282",NA,0.87719298245614,0.770955985421923,0.945474080042976,1.01527137357756,0.897592819257446
"18_44266287",NA,0.408163265306122,1.01419878296146,1.06916137654527,0.820232399179768,0.956937799043062
"18_57115265",NA,0.205128205128205,0.777076250607091,0.96696212731668,0.903444381705251,0.496524329692155
"19_2234159",NA,0.518518518518519,0.895225464190982,1.00725221595488,0.944510035419126,1.23839009287926
"19_16130746",NA,0,0,0,0.479775002067996,0
"19_19119411",NA,0.689655172413793,0.862068965517241,1.2453300124533,0.927643784786642,1.25858123569794
"19_19256496",NA,0.310077519379845,0.725952813067151,0.938262338149747,1.16618075801749,0.999333777481679
"19_20117764",NA,1.17171717171717,1.1576354679803,0.881966597860762,0.877995244192427,0.901029748283753
"19_22655023",Inf,1.28205128205128,0.14367816091954,0.342465753424658,0.136705399863295,0.34324942791762
"19_33490487",NA,0.380952380952381,0.21551724137931,0.133645172068159,0.152788388082506,0.318979266347687
"19_33490500",NA,0.683760683760684,0.252312867956266,0.206771775652623,0.302023557837511,0.328947368421053
"19_35941705",Inf,0.888888888888889,0.862068965517241,0.814513143280267,1.12554112554113,0.842105263157895
"19_43697681",Inf,0,0.0985221674876847,0,0.157418339236521,0.0822368421052632
"19_43708733",Inf,1.02564102564103,0.574712643678161,1.17416829745597,1.08225108225108,0.91533180778032
"19_43708752",Inf,1.11111111111111,0.862068965517241,1.02739726027397,1.1988011988012,0.779727095516569
"19_48245018",NA,1.64251207729469,1.06100795755968,1.12191780821918,0.974025974025974,0.843454790823212
"19_49392588",Inf,0,0.608519269776876,0,0,0.075187969924812
"19_50322689",Inf,0.625,0.544464609800363,0.182648401826484,0.618429189857761,0.202429149797571
"19_52272817",Inf,0.971830985915493,0.942102093058274,1.1281358799987,1.05214355536936,1.00788314398331
"19_52376152",Inf,1.02442528735632,0.950639599555061,0.931604348461951,0.908686469240102,0.883357041251778
"19_53804028",Inf,0.412820512820513,0.0808777429467085,0.0723817940786566,0.0438707633829585,0.0494092373791622
"19_53804029",Inf,0.419270833333333,0.0799091472227958,0.0723817940786566,0.0436048799685163,0.0494092373791622
"19_53804034",Inf,0.419270833333333,0.0799091472227958,0.071459733007591,0.0418302627604953,0.0487460261391734
"19_53805515",NA,0.912698412698413,0.959432048681542,1.28553082191781,1.34902597402597,1.08947368421053
"19_54194437",NA,0.319444444444444,1.77931034482759,1.74520547945205,1.64880952380952,0.691729323308271
"19_54759768",NA,0.73015873015873,0,0,0,0
"19_55106548",NA,0,0,0.722153991497402,0.01913512019895,0.0186234817813765
"19_55344340",Inf,1.80392156862745,0.494252873563218,0.178082191780822,0.15988455988456,0.386338185890258
"19_55417633",NA,0.342261904761905,0.802696396162821,0.647826555927084,0.583362583362583,0.829258184832159
"19_55451284",NA,0.599627560521415,0.918665667166417,0.833424657534247,0.706238546729344,1.09268747088961
"19_56369355",NA,0.989247311827957,0.946441672780631,0.931349393796253,1.01950680898049,1.07736842105263
"20_5545484",Inf,0,0,0.404294705664569,0.276723276723277,0.0981507823613087
"20_6759758",Inf,0.467479674796748,0.342175066312997,0.130455559095253,0.276723276723277,0.263157894736842
"20_13280061",NA,0.0547619047619048,0.872210953346856,0.843059624673371,0.907755795606263,0.924707602339181
"20_22714225",NA,0.696969696969697,0.494252873563218,0,0.189336978810663,0
"20_22714254",NA,0.766666666666667,0.741379310344828,0,0.194454194454194,0
"20_22714290",NA,0.871212121212121,0.766944114149822,0,0.194454194454194,0
"20_22714305",NA,0.625850340136054,0.714901477832512,0,0.0999278499278499,0
"20_22714329",NA,0.348484848484848,0.529556650246305,0,0,0
"20_22714347",NA,0.383333333333333,0.342175066312997,0,0,0
"20_25899994",NA,1.66666666666667,0.556034482758621,0.747945205479452,0,0.351443123938879
"20_29929515",NA,0.751633986928105,0.76256157635468,0.863013698630137,0.899350649350649,0.764542936288088
"20_29977082",NA,1.10843373493976,0.984131827891364,0.902692489371753,1.1991341991342,0.943084455324357
"20_31021194",Inf,0.942622950819672,0.695043103448276,0.996095250288055,0.9860900520799,0.996904024767802
"20_31657833",Inf,1.19093851132686,1.00927267458708,0.974214343271555,0.617464624927311,1.0868228966577
"20_43385502",Inf,0,0.139008620689655,0.106849315068493,0.252449305080884,0
"20_57089709",NA,0.657142857142857,1.10370754472388,0.789116501193917,0.887966463915831,0.919103313840156
"20_59466404",Inf,3.83333333333333,2.22413793103448,1.24657534246575,1.34902597402597,0.854489164086687
"20_62245802",NA,1.27777777777778,0.158866995073892,0.155821917808219,0,0.290526315789474
"21_10906911",NA,0.0874035989717224,0.36057081915596,0.484872376071745,0.440992029777076,0.420101458465441
"21_31933492",NA,0,0,0,0.175284837861525,0.0152998776009792
"21_36088720",NA,0.82815734989648,0.849927149101506,1.10278280348066,1.06951871657754,0.960969840331165
"21_43414048",Inf,0.968342644320298,0.787884989256114,1.02937683110302,0.982994905646839,0.883284600389864
"22_16415375",NA,0,0.13262599469496,0,0,0.272232304900181
"22_20920813",NA,0,0,0.48348106365834,0.216450216450216,0.239234449760766
"22_23247019",Inf,0.518518518518519,0.313479623824451,0.214041095890411,0.212901852246115,0.299043062200957
"22_25294137",NA,1.40625,0.629447181171319,1.2453300124533,0.974025974025974,0.905129064699966
"22_26105563",Inf,1.48148148148148,0,0.210748155953635,0.346320346320346,0.37593984962406
"22_29093164",NA,0.797101449275362,0.954907161803714,1.35295112464062,0.763941940412529,0.966022651565623
"22_32667870",NA,0,0,0,0.185528756957328,0.128369704749679
"22_32668338",Inf,0.793650793650794,1.19940029985008,0.730593607305936,0.670297444490993,1.07212475633528
"22_39476049",Inf,1.02564102564103,0.328407224958949,0.48348106365834,0.432900432900433,0.328947368421053
"X_1327964",NA,NA,NA,NA,NA,NA
"X_3544398",NA,NA,NA,NA,NA,NA
"X_5224895",NA,NA,NA,NA,NA,NA
"X_8467423",NA,NA,NA,NA,NA,NA
"X_19392558",NA,NA,NA,NA,NA,NA
"X_38079975",NA,NA,NA,NA,NA,NA
"X_38080002",NA,NA,NA,NA,NA,NA
"X_48306119",NA,NA,NA,NA,NA,NA
"X_48306125",NA,NA,NA,NA,NA,NA
"X_65252464",NA,NA,NA,NA,NA,NA
"X_73803279",NA,NA,NA,NA,NA,NA
"X_77289223",NA,NA,NA,NA,NA,NA
"X_91147552",NA,NA,NA,NA,NA,NA
"X_91770519",NA,NA,NA,NA,NA,NA
"X_139796045",NA,NA,NA,NA,NA,NA
"X_140785682",NA,NA,NA,NA,NA,NA
"X_149100711",NA,NA,NA,NA,NA,NA
"X_151939519",NA,NA,NA,NA,NA,NA
"X_152870406",NA,NA,NA,NA,NA,NA
"X_152870437",NA,NA,NA,NA,NA,NA
"X_152870497",NA,NA,NA,NA,NA,NA
"X_152870505",NA,NA,NA,NA,NA,NA
"Y_5441527",NA,NA,NA,NA,NA,NA
"Y_5441577",NA,NA,NA,NA,NA,NA
"Y_5441595",NA,NA,NA,NA,NA,NA
"Y_14089822",NA,NA,NA,NA,NA,NA
"Y_14551941",NA,NA,NA,NA,NA,NA
