"55S_lib74102_3847_2","55T1re_lib74103_3832_4","55T2_lib74104_3782_2","55T3_lib74105_3782_3","55T4_lib74106_3847_3"
"1_899915",2,2,2,2,NA
"1_1007624",2,2,2,2,NA
"1_12429284",2,2,2,2,2
"1_16011192",2,2,2,2,2
"1_16894763",2,2,2,2,2
"1_16916395",2,2,2,2,2
"1_16948753",2,2,2,2,2
"1_17298147",2,2,2,2,2
"1_19584698",2,2,2,2,2
"1_21738407",2,2,2,2,2
"1_21738413",2,2,2,2,2
"1_21738420",2,2,2,2,2
"1_21738426",2,2,2,2,2
"1_21738457",2,2,2,2,2
"1_21738461",2,2,2,2,2
"1_21806792",2,2,2,2,2
"1_35472675",2,2,2,2,2
"1_47607540",2,2,2,2,2
"1_53542895",2,2,2,2,2
"1_77334276",2,2,2,2,2
"1_81967466",2,2,2,2,2
"1_89613321",2,2,2,2,2
"1_100343581",2,2,2,2,NA
"1_103385631",2,2,2,2,NA
"1_112019529",2,2,2,2,2
"1_118483352",2,2,2,2,2
"1_118567943",2,2,2,2,2
"1_120539687",2,2,2,2,2
"1_142806888",2,2,2,2,2
"1_142806991",2,2,2,2,2
"1_144816621",2,2,2,2,2
"1_145017822",2,2,2,2,2
"1_145209508",2,2,2,2,2
"1_147706563",2,2,2,2,2
"1_148349608",2,2,2,2,2
"1_149039818",2,2,2,2,2
"1_152733325",2,2,2,2,2
"1_152996546",2,2,2,2,2
"1_157094923",2,2,2,2,2
"1_159505876",2,2,2,2,2
"1_160651284",2,2,2,2,2
"1_181767716",2,2,2,2,2
"1_196712929",2,2,2,2,2
"1_196712939",2,2,2,2,2
"1_196712940",2,2,2,2,2
"1_203678292",2,2,2,2,2
"1_214792669",2,2,2,2,2
"1_215916728",2,2,2,2,2
"1_220799842",2,2,2,2,2
"1_227068242",2,2,2,2,2
"1_228005049",2,2,2,2,2
"1_228520994",2,2,2,2,2
"1_237173157",2,2,2,2,2
"1_241033349",2,2,2,2,2
"1_243138492",2,2,2,2,2
"1_243138540",2,2,2,2,2
"1_244993400",2,2,2,2,2
"1_248285629",2,2,2,2,2
"2_1658226",2,2,2,2,NA
"2_10933107",2,2,2,2,NA
"2_15319336",2,2,2,2,NA
"2_31596695",2,2,2,2,NA
"2_32369809",2,2,2,2,NA
"2_39201073",2,2,2,2,NA
"2_68882089",2,2,2,2,NA
"2_69747027",2,2,2,2,NA
"2_73635986",2,2,2,2,NA
"2_91801244",2,2,2,2,NA
"2_97140962",2,2,2,2,NA
"2_100006451",2,2,2,2,NA
"2_101276996",2,2,2,2,NA
"2_101277017",2,2,2,2,NA
"2_101277048",2,2,2,2,NA
"2_110310798",2,2,2,2,NA
"2_112540142",2,2,2,2,NA
"2_132237643",2,2,2,2,NA
"2_132237732",2,2,2,2,NA
"2_135625399",2,2,2,2,NA
"2_165557069",2,2,2,2,NA
"2_169873115",2,2,2,2,NA
"2_172683461",2,2,2,2,NA
"2_174104037",2,2,2,2,NA
"2_178986136",2,2,2,2,NA
"2_179515089",2,2,2,2,NA
"2_189856355",2,2,2,2,NA
"2_190331032",2,2,2,2,NA
"2_197791107",2,2,2,2,NA
"2_209358141",2,2,2,2,NA
"2_220418508",2,2,2,2,NA
"2_220435732",2,2,2,2,NA
"2_222433302",2,2,2,2,NA
"2_233243528",2,2,2,2,NA
"2_234663820",2,2,2,2,NA
"2_242035573",2,2,2,2,NA
"3_2613192",2,2,2,2,2
"3_10106352",2,2,2,2,2
"3_14583639",2,2,2,2,2
"3_30045473",2,2,2,2,2
"3_38596080",2,2,2,2,2
"3_39170609",2,2,2,2,2
"3_48413708",2,2,2,2,2
"3_49726195",2,2,2,2,2
"3_77613740",2,2,2,2,2
"3_97783491",2,2,2,2,2
"3_97982936",2,2,2,2,2
"3_99568593",2,2,2,2,2
"3_109635598",2,2,2,2,2
"3_121126671",2,2,2,2,2
"3_121415023",2,2,2,2,2
"3_142557906",2,2,2,2,2
"3_169780342",2,2,2,2,2
"3_169820403",2,2,2,2,2
"3_170109112",2,2,2,2,2
"3_171844996",2,2,2,2,2
"3_185985706",2,2,2,2,2
"4_15937508",2,2,2,2,2
"4_36310050",2,2,2,2,2
"4_39436432",2,2,2,2,2
"4_55565782",2,2,2,2,2
"4_62362817",2,2,2,2,2
"4_69111329",2,2,2,2,2
"4_86938317",2,2,2,2,2
"4_91563250",2,2,2,2,2
"4_110929468",2,2,2,2,2
"4_111436388",2,2,2,2,2
"4_115767110",2,2,2,2,2
"4_117519837",2,2,2,2,2
"4_117520004",2,2,2,2,2
"4_164467113",2,2,2,2,2
"4_190202911",2,2,2,2,2
"4_190904494",NA,NA,NA,NA,NA
"5_236676",2,2,2,2,2
"5_236678",2,2,2,2,2
"5_236681",2,2,2,2,2
"5_1266698",2,2,2,2,2
"5_4095405",2,2,2,2,2
"5_5955001",2,2,2,2,2
"5_5955020",2,2,2,2,2
"5_13810366",2,2,2,2,2
"5_19503157",2,2,2,2,2
"5_21491446",2,2,2,2,2
"5_34191402",2,2,2,2,2
"5_38924589",2,2,2,2,2
"5_52160871",2,2,2,2,2
"5_60170512",2,2,2,2,2
"5_67591092",2,2,2,2,2
"5_80422732",2,2,2,2,2
"5_85589073",2,2,2,2,2
"5_90000108",2,2,2,2,2
"5_102484797",2,2,2,2,2
"5_150077836",2,2,2,2,2
"5_156715505",2,2,2,2,2
"5_160114720",2,2,2,2,2
"5_176297468",2,2,2,2,2
"6_7582770",2,2,2,2,2
"6_29230361",2,2,2,2,2
"6_29298530",2,2,2,2,2
"6_29536195",2,2,2,2,2
"6_29897255",2,2,2,2,2
"6_29910622",2,2,2,2,2
"6_29910688",2,2,2,2,2
"6_31239034",2,2,2,2,2
"6_31624922",2,2,2,2,2
"6_32007790",2,2,2,2,2
"6_32487390",2,2,2,2,2
"6_32487398",2,2,2,2,2
"6_32498026",2,2,2,NA,2
"6_32520594",2,2,2,NA,2
"6_32557601",NA,NA,NA,NA,2
"6_32557608",NA,NA,NA,NA,2
"6_32710363",2,2,2,2,2
"6_33047412",2,2,2,2,2
"6_36712704",2,2,2,2,2
"6_39046776",2,2,2,2,2
"6_43469389",2,2,2,2,2
"6_47791452",2,2,2,2,2
"6_49667609",2,2,2,2,2
"6_70980090",2,2,2,2,2
"6_73951293",2,2,2,2,2
"6_73951307",2,2,2,2,2
"6_102130314",2,2,2,2,2
"6_117203502",2,2,2,2,2
"6_129932915",2,2,2,2,2
"6_130031270",2,2,2,2,2
"6_142723974",2,2,2,2,2
"6_153603836",2,2,2,2,2
"6_159653247",2,2,2,2,2
"7_14797180",3,3,3,3,3
"7_18914031",3,3,3,3,3
"7_20825145",3,3,3,3,3
"7_43360612",3,3,3,3,3
"7_50173973",3,3,3,3,3
"7_53104337",3,3,3,3,3
"7_55220274",83,74,67,75,92
"7_57701664",NA,NA,3,3,3
"7_65157864",3,3,3,3,3
"7_69065039",3,3,3,3,3
"7_72420467",3,3,3,3,3
"7_72708067",3,3,3,3,3
"7_76131586",3,3,3,3,3
"7_76131597",3,3,3,3,3
"7_96279996",3,3,3,3,3
"7_102967731",3,3,3,3,3
"7_113521967",3,3,3,3,3
"7_115857808",3,3,3,3,3
"7_119206569",3,3,3,3,3
"7_122788564",3,3,3,3,3
"7_128525196",3,3,3,3,3
"7_141786149",3,3,3,3,3
"7_141786152",3,3,3,3,3
"7_141786160",3,3,3,3,3
"7_141786185",3,3,3,3,3
"7_141786194",3,3,3,3,3
"7_141786207",3,3,3,3,3
"7_149525083",3,3,3,3,3
"7_150648872",3,3,3,3,3
"7_151944760",3,3,3,3,3
"7_155095686",3,3,3,3,3
"8_17400726",2,2,2,2,2
"8_23152449",2,2,2,2,2
"8_35624323",2,2,2,2,2
"8_42403876",2,2,2,2,2
"8_49831217",2,2,2,2,2
"8_75157416",2,2,2,2,2
"8_86388035",2,2,2,2,2
"8_89621225",2,2,2,2,2
"8_102643814",2,2,2,2,2
"8_105152732",2,2,2,2,2
"8_121648290",2,2,2,2,2
"8_139736702",2,2,2,2,2
"8_139790427",2,2,2,2,2
"8_144296854",2,2,2,2,2
"8_144942124",2,2,2,2,2
"9_429922",2,2,NA,NA,2
"9_6558446",1,NA,NA,NA,NA
"9_68429231",NA,NA,NA,2,NA
"9_68433749",NA,NA,NA,2,NA
"9_74674086",2,NA,NA,2,NA
"9_84533962",2,NA,NA,2,NA
"9_86004828",2,NA,NA,2,NA
"9_88401591",2,NA,NA,2,NA
"9_88593058",2,NA,NA,2,NA
"9_88593077",2,NA,NA,2,NA
"9_88601501",2,NA,NA,2,NA
"9_90503247",2,NA,NA,2,NA
"9_112142144",2,NA,NA,2,NA
"10_18808561",1,0,1,1,1
"10_22616896",1,0,1,1,1
"10_30638207",1,NA,1,1,1
"10_30978100",1,NA,NA,1,1
"10_49633873",1,NA,1,1,1
"10_49633876",1,NA,1,1,1
"10_55570255",1,NA,1,1,1
"10_59101270",1,NA,1,1,1
"10_89725043",1,NA,1,1,1
"10_92676187",1,NA,1,1,1
"10_120489601",1,NA,1,1,1
"10_131666241",1,NA,1,1,1
"11_12499559",2,2,2,2,2
"11_15098969",2,2,2,2,2
"11_25004778",2,2,2,2,2
"11_31128484",2,2,2,2,2
"11_48157541",2,2,2,2,2
"11_48930284",2,2,2,2,2
"11_49598550",2,2,2,2,2
"11_55657372",2,2,2,2,2
"11_56064951",2,2,2,2,2
"11_58133600",2,2,2,2,2
"11_62519422",2,2,2,2,2
"11_67048143",2,2,2,2,2
"11_77396033",2,2,2,2,2
"11_86108901",2,2,2,2,2
"11_102707454",2,2,2,2,2
"11_108014945",2,2,2,2,2
"11_119024463",2,2,2,2,2
"11_134151364",2,2,2,2,2
"12_5603750",2,2,2,2,2
"12_7585954",2,2,2,2,2
"12_8073603",2,2,2,2,2
"12_8234869",2,2,2,2,2
"12_10658439",2,2,2,2,2
"12_18467043",2,2,2,2,2
"12_21329918",2,2,2,2,2
"12_27540087",2,2,2,2,2
"12_31244817",2,2,2,2,2
"12_31247492",2,2,2,2,2
"12_38860563",2,2,2,2,2
"12_43769273",2,2,2,2,2
"12_48165994",2,2,2,2,2
"12_49397299",2,2,2,2,2
"12_51068149",2,2,2,2,2
"12_51118445",2,2,2,2,2
"12_53509947",2,2,2,2,2
"12_53673630",2,2,2,2,2
"12_53819724",2,2,2,2,2
"12_57978895",2,2,2,2,2
"12_58220056",2,2,2,2,2
"12_64045525",2,2,2,2,2
"12_64045540",2,2,2,2,2
"12_68646870",2,2,2,2,2
"12_72090411",2,2,2,2,2
"12_80818280",2,2,2,2,2
"12_81026244",2,2,2,2,2
"12_102572368",2,2,2,2,2
"12_102813478",2,2,2,2,2
"12_112130644",2,2,2,2,2
"12_119917077",2,2,2,2,2
"12_129411528",2,2,2,2,2
"13_19962036",2,2,2,2,NA
"13_19962049",2,2,2,2,NA
"13_20000621",2,2,2,2,NA
"13_60849368",2,2,2,2,NA
"13_73349918",2,2,2,2,NA
"13_99099004",2,2,2,2,NA
"13_109792620",2,2,2,2,NA
"14_21250123",2,2,2,2,2
"14_22005214",2,2,2,2,2
"14_22133666",2,2,2,2,2
"14_23416518",2,2,2,2,2
"14_23416521",2,2,2,2,2
"14_23738294",2,2,2,2,2
"14_32561316",2,2,2,2,2
"14_77319806",2,2,2,2,2
"14_81743416",2,2,2,2,2
"14_96778633",2,2,2,2,2
"14_106757755",2,2,2,2,2
"14_106805131",2,2,2,2,2
"14_107083170",2,2,2,2,2
"15_21137110",2,2,2,2,2
"15_21137122",2,2,2,2,2
"15_28499573",2,2,2,2,2
"15_42167515",NA,2,2,2,NA
"15_52659363",2,2,2,2,2
"15_58974349",2,2,2,2,2
"15_59500238",2,2,2,2,2
"15_59500240",2,2,2,2,2
"15_75111156",2,2,2,2,2
"15_78217260",2,2,2,2,2
"15_78217296",2,2,2,2,2
"15_81427705",2,2,2,2,2
"15_94901832",2,2,2,2,2
"15_99024098",2,2,2,2,2
"16_114941",NA,NA,NA,NA,NA
"16_3023615",2,2,2,2,2
"16_3529763",2,2,2,2,2
"16_4829737",2,2,2,2,2
"16_20781190",2,2,2,2,2
"16_24564879",2,2,2,2,2
"16_33402072",2,2,2,2,NA
"16_33490442",2,2,2,2,2
"16_33547920",2,2,2,2,2
"16_55863015",2,2,2,2,2
"16_55863018",2,2,2,2,2
"16_55863096",2,2,2,2,2
"16_57992228",2,2,2,2,2
"16_69988549",2,2,2,2,2
"16_70993881",2,2,2,2,2
"16_72107692",2,2,2,2,2
"16_72822563",2,2,2,2,2
"16_81960613",2,2,2,2,2
"16_89828992",2,2,2,2,2
"17_2597659",2,2,2,2,2
"17_2651726",2,2,2,2,2
"17_3853830",2,2,2,2,2
"17_8249055",2,2,2,2,2
"17_9821251",2,2,2,2,2
"17_21556823",2,NA,2,2,2
"17_21828351",2,NA,2,2,2
"17_26101214",2,2,2,2,2
"17_27620776",2,2,2,2,2
"17_29559904",2,2,2,2,2
"17_29635163",2,2,2,2,2
"17_30469391",2,2,2,2,2
"17_32957133",2,2,2,2,2
"17_38644758",2,2,2,2,2
"17_38712160",2,2,2,2,2
"17_39274205",2,2,2,2,2
"17_42333274",2,2,2,2,2
"17_48603775",2,2,2,2,NA
"17_56356653",2,2,2,2,NA
"17_57049716",2,2,2,2,NA
"17_62547476",2,2,2,2,NA
"17_66194061",2,2,2,2,NA
"17_67246495",2,2,2,2,NA
"17_71436926",2,2,2,2,NA
"17_72521760",2,2,2,2,NA
"17_73944639",2,2,2,2,NA
"17_79916537",2,2,2,2,NA
"18_14830042",2,2,2,2,2
"18_15323415",2,2,2,2,2
"18_15325567",2,2,2,2,2
"18_21496435",2,2,2,2,2
"18_32457930",2,2,2,2,2
"18_33283113",2,2,2,2,2
"18_51731582",2,2,2,2,2
"18_63736432",2,2,2,2,2
"18_70417475",2,2,2,2,2
"19_6750322",3,3,3,3,3
"19_6828110",3,3,3,3,3
"19_6963450",3,3,3,3,3
"19_8381263",3,3,3,3,3
"19_10395973",3,3,3,3,3
"19_14046601",3,3,3,3,3
"19_16640580",3,3,3,3,3
"19_17634295",3,3,3,3,3
"19_19766578",3,3,3,3,3
"19_20727705",3,3,3,3,3
"19_20738565",3,3,3,3,3
"19_23676282",3,3,3,3,3
"19_37101355",3,3,3,3,3
"19_37487530",3,3,3,3,3
"19_38189750",3,3,3,3,3
"19_46878881",3,3,3,3,3
"19_47870310",3,3,3,3,3
"19_48378189",3,3,3,3,3
"19_49926530",3,3,3,3,3
"19_54007117",3,3,3,3,3
"19_55328087",3,3,3,3,3
"19_55328096",3,3,3,3,3
"19_55332902",3,3,3,3,3
"19_58556921",3,3,3,3,3
"19_58557521",3,3,3,3,3
"20_870801",2,2,2,2,2
"20_6759758",2,2,2,2,2
"20_22714332",2,2,2,2,2
"20_25900012",2,2,2,2,2
"20_29652303",2,2,2,2,2
"20_50234077",2,2,2,2,2
"20_56191538",2,2,2,2,2
"21_10775341",2,2,2,2,2
"21_11026806",2,2,2,2,2
"21_11043950",2,2,2,2,2
"21_11098920",2,2,2,2,2
"21_28338020",2,2,2,2,2
"21_32114618",2,2,2,2,2
"21_38845338",2,2,2,2,2
"21_45846914",2,2,2,2,2
"21_46020542",2,2,2,2,2
"21_46900079",2,2,2,2,2
"21_47417147",2,2,2,2,2
"21_47571937",2,2,2,2,2
"21_47613476",2,2,2,2,2
"22_16906273",2,2,2,2,2
"22_17071595",2,2,2,2,2
"22_18189362",2,2,2,2,2
"22_18898818",2,2,2,2,2
"22_20785748",2,2,2,2,2
"22_21414670",2,2,2,2,2
"22_35679787",2,2,2,2,2
"MT_12772",NA,NA,NA,NA,NA
"X_12708405",NA,NA,NA,NA,NA
"X_14708781",NA,NA,NA,NA,NA
"X_27765224",NA,NA,NA,NA,NA
"X_32305645",NA,NA,NA,NA,NA
"X_44494327",NA,NA,NA,NA,NA
"X_48140624",NA,NA,NA,NA,NA
"X_52682357",NA,NA,NA,NA,NA
"X_52825414",NA,NA,NA,NA,NA
"X_99921785",NA,NA,NA,NA,NA
"X_109924715",NA,NA,NA,NA,NA
"X_119867121",NA,NA,NA,NA,NA
"X_123199698",NA,NA,NA,NA,NA
"X_135750063",NA,NA,NA,NA,NA
"X_149100711",NA,NA,NA,NA,NA
"X_152482592",NA,NA,NA,NA,NA
"X_152966607",NA,NA,NA,NA,NA
"X_153295944",NA,NA,NA,NA,NA
"Y_14107471",NA,NA,NA,NA,NA
"Y_14107685",NA,NA,NA,NA,NA
"Y_21894685",NA,NA,NA,NA,NA
