"A44M_lib74138_3786_3","A44S_lib74137_3786_2","A44T1_lib74132_3786_1","A44T2_lib74133_3786_1","A44T3_lib74134_3786_2","A44T5_lib74136_3786_2"
"1_11918927",2,2,2,2,2,2
"1_12144621",2,2,2,2,2,2
"1_16360090",2,2,2,2,2,2
"1_16360323",2,2,2,2,2,2
"1_16892282",2,2,2,2,2,2
"1_16952808",2,2,2,2,2,2
"1_21503168",2,2,2,2,2,2
"1_22304585",2,2,2,2,2,2
"1_31954348",2,2,2,2,2,2
"1_35485261",2,2,2,2,2,2
"1_43103156",2,2,2,2,2,2
"1_44468261",2,2,2,2,2,2
"1_49056730",2,2,2,2,2,2
"1_67792626",2,2,2,2,2,2
"1_76878973",2,2,2,2,2,2
"1_79338348",2,2,2,2,2,2
"1_85965738",2,2,2,2,2,2
"1_94883977",2,2,2,2,2,2
"1_118657798",2,2,2,2,2,2
"1_146791095",2,2,2,2,2,2
"1_152128682",2,2,2,2,2,2
"1_155921493",2,2,2,2,2,2
"1_160247206",2,2,2,2,2,2
"1_186135391",2,2,2,2,2,2
"1_225525698",2,2,2,2,2,2
"1_228400164",2,2,2,2,2,2
"1_229771516",2,2,2,2,2,2
"1_240136838",2,2,2,2,2,2
"2_10224068",2,2,2,2,2,2
"2_21237433",2,2,2,2,2,2
"2_26794902",2,2,2,2,2,2
"2_36764580",2,2,2,2,2,2
"2_45233708",2,2,2,2,2,2
"2_69732571",2,2,2,2,2,2
"2_90248904",2,2,2,2,2,2
"2_91780826",2,2,2,2,2,2
"2_127453545",2,2,2,2,2,2
"2_137917959",2,2,2,2,2,2
"2_145161712",2,2,2,2,2,2
"2_179438951",2,2,2,2,2,2
"2_179572455",2,2,2,2,2,2
"2_202272119",2,2,2,2,2,2
"2_223158424",2,2,2,2,2,2
"3_52813653",2,2,2,2,2,2
"3_72971228",2,2,2,2,2,2
"3_77623777",2,2,2,2,2,2
"3_101133344",2,2,2,2,2,2
"3_101133384",2,2,2,2,2,2
"3_109128775",2,2,2,2,2,2
"3_118935302",2,2,2,2,2,2
"3_167507009",2,2,2,2,2,2
"3_172992734",2,2,2,2,2,2
"4_2171414",2,2,2,2,2,2
"4_55147617",2,2,2,2,2,2
"4_62775487",2,2,2,2,2,2
"4_69780946",2,2,2,2,2,2
"4_70080190",2,2,2,2,2,2
"4_140810638",2,2,2,2,2,2
"4_156927942",2,2,2,2,2,2
"4_189061162",2,2,2,2,2,2
"5_169654",2,2,2,2,2,2
"5_17276023",2,2,2,2,2,2
"5_22142582",2,2,2,2,2,2
"5_34182565",2,2,2,2,2,2
"5_37815589",2,2,2,2,2,2
"5_88018305",2,2,2,2,2,2
"5_97457348",2,2,2,2,2,2
"5_139494773",2,2,2,2,2,2
"5_140773249",2,2,2,2,2,2
"5_157053271",2,2,2,2,2,2
"5_172396615",2,2,2,2,2,2
"5_179994815",2,2,2,2,2,2
"6_28539945",2,2,2,2,2,2
"6_29911740",2,2,2,2,2,2
"6_32725559",2,2,2,NA,2,2
"6_32725567",2,2,2,NA,2,2
"6_33608072",2,2,2,2,2,2
"6_39278877",2,2,2,2,2,2
"6_50796498",2,2,2,2,2,2
"6_55147051",2,2,2,2,2,2
"6_70064065",2,2,2,2,2,2
"6_99955470",2,2,2,2,2,2
"6_165876016",2,2,2,2,2,2
"6_168376925",2,2,2,2,2,2
"7_7107781",2,2,3,3,4,2
"7_34789973",2,2,3,3,4,2
"7_36763457",2,2,3,3,4,2
"7_48314624",2,2,3,3,4,2
"7_55233043",2,2,3,3,4,2
"7_83246043",2,2,3,3,4,2
"7_98495304",2,2,3,3,4,2
"7_103828643",2,2,3,3,4,2
"7_112130180",2,2,3,3,4,2
"8_11058555",2,2,2,2,2,2
"8_11172436",2,2,2,2,2,2
"8_17924606",2,2,2,2,2,2
"8_17924608",2,2,2,2,2,2
"8_101721429",2,2,2,2,2,2
"8_126059686",2,2,2,2,2,2
"8_133985105",2,2,2,2,2,2
"8_143940217",2,2,2,2,2,2
"8_144812776",2,2,2,2,2,2
"9_2039776",2,2,NA,1,NA,2
"9_37761798",2,2,2,2,2,2
"9_68455187",2,2,2,2,2,2
"9_68455218",2,2,2,2,2,2
"9_79920489",2,2,2,2,2,2
"9_92995183",2,2,2,2,2,2
"9_93624559",2,2,2,2,2,2
"9_100082211",2,2,2,2,2,2
"9_139369543",2,2,2,2,2,2
"9_139370872",2,2,2,2,2,2
"10_9449455",2,2,NA,1,NA,2
"10_50081568",2,2,NA,1,NA,2
"10_71647196",2,2,NA,1,NA,2
"10_85958658",2,2,NA,1,NA,2
"10_89717672",2,2,NA,1,NA,2
"10_90534893",2,2,NA,1,NA,2
"10_118215482",2,2,NA,1,NA,2
"11_1271623",2,2,2,2,2,2
"11_1642908",2,2,2,2,2,2
"11_1642916",2,2,2,2,2,2
"11_1955617",2,2,2,2,2,2
"11_3569010",2,2,2,2,2,2
"11_3569056",2,2,2,2,2,2
"11_5968779",2,2,2,2,2,2
"11_6260717",2,2,2,2,2,2
"11_10500285",2,2,2,2,2,2
"11_13375970",2,2,2,2,2,2
"11_43465847",2,2,2,2,2,2
"11_55889738",2,2,2,2,2,2
"11_61083886",2,2,2,2,2,2
"11_64083318",2,2,2,2,2,2
"11_67254766",2,2,2,2,2,2
"11_71507083",2,2,2,2,2,2
"11_88245632",2,2,2,2,2,2
"11_107502509",2,2,2,2,2,2
"11_111715261",2,2,2,2,2,2
"11_119149144",2,2,2,2,2,2
"11_119149219",2,2,2,2,2,2
"11_119149256",2,2,2,2,2,2
"12_7073148",2,2,2,2,2,2
"12_10048408",2,2,2,2,2,2
"12_10191719",2,2,2,2,2,2
"12_10191730",2,2,2,2,2,2
"12_18762630",2,2,2,2,2,2
"12_32446887",2,2,2,2,2,2
"12_64216544",2,2,2,2,2,2
"12_64216548",2,2,2,2,2,2
"12_81696298",2,2,2,2,2,2
"12_86229880",2,2,2,2,2,2
"12_102046303",2,2,2,2,2,2
"12_109313594",2,2,2,2,2,2
"12_116095613",2,2,2,2,2,2
"12_129373300",2,2,2,2,2,2
"12_129501077",2,2,2,2,2,2
"12_133182783",2,2,2,2,2,2
"13_24466302",2,2,2,2,0,2
"13_25161551",2,2,2,2,0,2
"13_28552614",2,2,2,2,0,2
"13_28624471",2,2,2,2,0,2
"13_32758894",2,2,2,2,0,2
"13_53421096",2,2,2,2,0,2
"13_101742411",2,2,2,2,0,2
"14_20265529",2,2,2,2,2,2
"14_20296177",2,2,2,2,2,2
"14_20316128",2,2,2,2,2,2
"14_22070696",2,2,2,2,2,2
"14_22070700",2,2,2,2,2,2
"14_27065364",2,2,2,2,2,2
"14_45568527",2,2,2,2,2,2
"14_55907074",2,2,2,2,2,2
"14_100744093",2,2,2,2,2,2
"14_102024963",2,2,2,2,2,2
"14_105416232",2,2,2,2,2,2
"14_105416235",2,2,2,2,2,2
"14_105416238",2,2,2,2,2,2
"14_106229706",2,2,2,2,2,2
"14_107113660",2,2,2,2,2,2
"14_107183824",2,2,2,2,2,2
"15_22015940",2,2,2,2,2,2
"15_29091271",2,2,2,2,2,2
"15_42003197",2,2,2,2,2,2
"15_42168854",2,2,2,2,2,2
"15_43432327",2,2,2,2,2,2
"15_44876368",2,2,2,2,2,2
"15_48566792",2,2,2,2,2,2
"15_57967399",2,2,2,2,2,2
"15_78207569",2,2,2,2,2,2
"15_78217296",2,2,2,2,2,2
"15_81637357",2,2,2,2,2,2
"16_11645776",2,2,2,2,2,2
"16_28074523",2,2,2,2,2,2
"16_33393817",2,2,2,2,2,NA
"16_33404618",2,2,2,2,2,NA
"16_34316531",2,2,2,2,2,2
"16_57054711",2,2,2,2,2,2
"16_67912738",2,2,2,2,2,2
"16_68391218",2,2,2,2,2,2
"16_72097255",2,2,2,2,2,2
"16_72107692",2,2,2,2,2,2
"16_76555321",2,2,2,2,2,2
"16_88724840",2,2,2,2,2,2
"17_7917170",2,2,2,2,2,2
"17_10297646",2,2,2,2,2,2
"17_18668269",2,2,NA,NA,1,2
"17_20657681",2,2,NA,NA,1,2
"17_21904444",2,2,2,NA,1,2
"17_26577552",2,2,NA,NA,1,2
"17_28887714",2,2,NA,NA,1,2
"17_29249979",2,2,NA,NA,1,2
"17_32482963",2,2,NA,NA,1,2
"17_41108009",2,2,2,2,2,2
"17_42461141",2,2,2,2,2,2
"17_44342695",2,2,2,2,2,2
"17_44342700",2,2,2,2,2,2
"17_46670798",2,2,2,2,2,2
"17_55956970",2,2,2,2,2,2
"17_61684744",2,2,2,2,2,2
"17_66978786",2,2,2,2,2,2
"17_73664521",2,2,2,2,2,2
"18_21422554",2,2,2,2,2,2
"19_4682878",2,2,3,3,4,2
"19_10418866",2,2,3,3,4,2
"19_14877857",2,2,3,3,4,2
"19_15473194",2,2,3,3,4,2
"19_15473195",2,2,3,3,4,2
"19_38934511",2,2,3,3,4,2
"19_42352413",2,2,3,3,4,2
"19_43382919",2,2,3,3,4,2
"19_43772276",2,2,3,3,4,2
"19_47030191",2,2,3,3,4,2
"19_50475027",2,2,3,3,4,2
"19_51650003",2,2,3,3,4,2
"19_55107680",2,2,3,3,4,2
"19_55145971",2,2,3,3,4,2
"19_56041495",2,2,3,3,4,2
"19_57669860",2,2,3,3,4,2
"19_58551908",2,2,3,3,4,2
"20_3324487",2,2,3,3,NA,2
"20_13765680",2,2,3,3,NA,2
"20_18810707",2,2,3,3,NA,2
"20_25755988",2,2,3,3,NA,2
"20_29647799",2,2,3,3,NA,2
"20_34247059",2,2,3,3,NA,2
"20_43739544",2,2,3,3,NA,2
"20_44444426",2,2,3,3,NA,2
"20_49198062",2,2,3,3,NA,2
"20_50313790",2,2,3,3,NA,2
"20_51870707",2,2,3,3,NA,2
"20_57571842",2,2,3,3,NA,2
"20_62245802",2,2,3,3,NA,2
"20_62245809",2,2,3,3,NA,2
"21_9650024",NA,NA,NA,NA,NA,NA
"21_9826898",NA,NA,NA,NA,NA,NA
"21_11150838",2,2,2,2,2,2
"21_20618020",2,2,2,2,2,2
"21_20618027",2,2,2,2,2,2
"21_40652052",2,2,2,2,2,2
"21_46318874",2,2,2,2,2,2
"22_38421364",2,2,NA,1,1,2
"X_30261250",NA,NA,NA,NA,NA,NA
"X_45241313",NA,NA,NA,NA,NA,NA
"X_114879293",NA,NA,NA,NA,NA,NA
"X_119070425",NA,NA,NA,NA,NA,NA
"X_149987345",NA,NA,NA,NA,NA,NA
"Y_28671978",NA,NA,NA,NA,NA,NA
"Y_28689093",NA,NA,NA,NA,NA,NA
